store,url,title,price,compared price,compared to,buy
mastertools,http://mastertools.nl/products/makita-geleiderail-1500mm,Geleiderail 1500mm - 199141-8,"56,95",35,199141-8,no
mastertools,http://mastertools.nl/products/makita-199826-6-geleiderail-snelspan-klemset,199826-6 Geleiderail Snelspan klemset,"72,95",45,199826-6,no
mastertools,http://mastertools.nl/products/makita-dcl282fzb-accu-steelstofzuiger-18v-zwart-losse-body,DCL282FZB Accu Steelstofzuiger 18V Zwart Basic Body,"74,95",55,DCL282FZB,no
mastertools,http://mastertools.nl/products/makita-ld030p-laser-afstandsmeter,LD030P Laser afstandsmeter 30m,"82,95",55,LD030P,no
mastertools,http://mastertools.nl/products/makita-cp100dzj-12-v-max-mes-losse-body-in-mbox,CP100DZJ Accu Mes 12V Max Basic Body in Mbox,"89,95",45,CP100DZ,no
mastertools,http://mastertools.nl/products/makita-dbo480z-accu-handpalm-vlakschuurmachine-18v-basic-body,DBO480Z Accu Handpalm Vlakschuurmachine 18V Basic Body,"104,95",85,DBO480Z,no
mastertools,http://mastertools.nl/products/makita-dbo180z-excenter-schuurmachine-18v-losse-body,DBO180Z Accu Excenter Schuurmachine 18V Basic Body,"107,95",75,DBO180Z,no
mastertools,http://mastertools.nl/products/makita-dtd153z-accu-slagschroevendraaier-18v-li-ion-losse-body,DTD153Z Accu slagschroevendraaier 170Nm 18V Basic Body,"109,95",85,DTD153Z,no
mastertools,http://mastertools.nl/products/makita-ddf484z-accu-schroefboormachine-18v-losse-body,DDF484Z Accu Schroefboormachine 18V Basic Body,"110,95",85,DDF484Z,no
mastertools,http://mastertools.nl/products/makita-dbo481z-accu-handpalm-vlakschuurmachine-lxt-18v-basic-body,DBO481Z Accu Handpalm Vlakschuurmachine 18V Basic Body,"114,95",75,DBO481Z,no
mastertools,http://mastertools.nl/products/makita-dbo480zj-accu-handpalm-vlakschuurmachine-18v-basic-body-in-mbox,DBO480ZJ Accu Handpalm Vlakschuurmachine 18V Basic Body in Mbox,"129,95",115,DBO480ZJ,no
mastertools,http://mastertools.nl/products/makita-ddf484zj-accuboormachine-ddf484zj,DDF484ZJ Accu Schroefboormachine 18V Basic Body in Mbox,"138,95",95,DDF484ZJ,no
mastertools,http://mastertools.nl/products/makita-dbo180zj-excenter-schuurmachine,DBO180ZJ Accu Excenter Schuurmachine 18V Basic Body in Mbox,"140,95",105,DBO180ZJ,no
mastertools,http://mastertools.nl/products/makita-dga504z-accu-haakse-slijper-18v-basic-body,DGA504Z Accu Haakse Slijper 125mm 18V Basic Body,"143,95",100,DGA504Z,no
mastertools,http://mastertools.nl/products/makita-dga511z-accu-haakse-slijper-18v-basic-body,DGA511Z Accu Haakse Slijper 125mm 18V Basic Body,"158,95",110,DGA511Z,no
mastertools,http://mastertools.nl/products/makita-dga504zj-haakse-slijper,DGA504ZJ Accu Haakse Slijper 125mm 18V Basic Body in Mbox,"166,95",120,DGA504ZJ,no
mastertools,http://mastertools.nl/products/makita-dtd172z-accu-slagschroevendraaier-18v-basic-body,DTD172Z Accu slagschroevendraaier 180Nm 18V Basic Body,"170,95",135,DTD172Z,no
mastertools,http://mastertools.nl/products/makita-dga511zj-18-v-haakse-slijper-125-mm-losse-body-in-mbox,DGA511ZJ Accu Haakse Slijper 125mm 18V Basic Body in Mbox,"189,95",150,DGA511ZJ,no
mastertools,http://mastertools.nl/products/makita-dhp486z-accu-klop-schroefboormachine-18v-basic-body,DHP486Z Accu klop-/schroefboormachine 18V Basic Body,"199,95",160,DHP486Z,no
mastertools,http://mastertools.nl/products/makita-dtd172z-accu-slagschroevendraaier-18v-basic-body-in-mbox,DTD172ZJ Accu slagschroevendraaier 180Nm 18V Basic Body in Mbox,"202,95",165,DTD172ZJ,no
mastertools,http://mastertools.nl/products/makita-dhp486zj-accu-klop-schroefboormachine-18v-basic-body,DHP486ZJ Accu klop-/schroefboormachine 18V Basic Body in Mbox,"218,95",175,DHP486ZJ,no
mastertools,http://mastertools.nl/products/makita-djv181zj-decoupeerzaag,DJV181ZJ Accu Decoupeerzaag T-Greep 18V Basic Body in Mbox,"252,95",180,DJV181ZJ,no
mastertools,http://mastertools.nl/products/makita-ddf484rtj-accuboormachine-schroefboormachine-18-v,DDF484RTJ Accu Schroefboormachine 18V 5.0Ah in Mbox,"293,95",225,DDF484RTJ,no
mastertools,http://mastertools.nl/products/makita-drt50zjx2-accu-boven-en-kantenfrees-18v-basic-body-in-mbox,DRT50ZJX2 Accu Boven- en Kantenfrees 18V Basic Body in Mbox,"297,95",220,DRT50ZJX2,no
mastertools,http://mastertools.nl/products/makita-dtd153rtj-slagschroevendraaier-18v-5-0ah-in-mbox,DTD153RTJ Accu slagschroevendraaier 170Nm 18V 5.0Ah in Mbox,"309,95",250,DTD153RTJ,no
mastertools,http://mastertools.nl/products/makita-dbo180rtj-excenter-schuurmachine,DBO180RTJ Accu Excenter Schuurmachine 18V 5.0Ah in Mbox,"311,95",250,DBO180RTJ,no
mastertools,http://mastertools.nl/products/makita-dhs661zju-accu-cirkelzaag-18v-losse-body-aws-zender-in-mbox,DHS661ZJU Accu Cirkelzaag 165mm AWS 18V Basic Body in Mbox,"317,95",250,DHS661ZJU,no
mastertools,http://mastertools.nl/products/makita-dtm52zjx2-18-v-multitool-zonder-accu-s-en-lader-met-accessoire-set-in-mbox,DTM52ZJX2 Accu Multitool met Accessoires 18V Basic Body in Mbox,"321,95",240,DTM52ZJX2,no
mastertools,http://mastertools.nl/products/makita-drt50zjx9-accu-boven-en-kantenfrees-18v-basic-body-in-mbox,DRT50ZJX9 Accu Boven- en Kantenfrees 18V Basic Body in Mbox,"321,95",240,DRT50ZJX9,no
mastertools,http://mastertools.nl/products/makita-ls1110f-afkortzaag-260mm,LS1110F Radiaal Afkortzaag 260mm 230V,"333,95",240,LS1110F,no
mastertools,http://mastertools.nl/products/makita-dga504rtj-haakse-slijper-in-mbox,DGA504RTJ Accu Haakse Slijper 125mm 18V 5.0Ah in Mbox,"339,95",270,DGA504RTJ,no
mastertools,http://mastertools.nl/products/makita-dtd172rtj-accu-slagschroevendraaier-18v-5-0ah-in-mbox,DTD172RTJ Accu slagschroevendraaier 180Nm 18V 5.0Ah in Mbox,"351,95",280,DTD172RTJ,no
mastertools,http://mastertools.nl/products/makita-dhp486rtj-accu-klop-schroefboormachine-18v-5-0ah-li-ion-in-mbox,DHP486RTJ Accu klop-/schroefboormachine 18V 5.0Ah in Mbox,"386,95",325,DHP486RTJ,no
mastertools,http://mastertools.nl/products/makita-dhs783zju-2x18-v-cirkelzaag-190-mm-losse-body-in-mbox,DHS783ZJU Accu Cirkelzaag 190mm AWS 2x18V Basic Body in Mbox,"409,95",325,DHS783ZJU,no
mastertools,http://mastertools.nl/products/makita-djv181rtj-decoupeerzaag,DJV181RTJ Accu Decoupeerzaag T-Greep 18V 5.0Ah in Mbox,"413,95",320,DJV181RTJ,no
mastertools,http://mastertools.nl/products/makita-dls111zu-accu-radiaal-afkortzaag-2x18v-aws-losse-body,DLS111ZU Accu Radiaal Afkortzaag 260mm AWS 2x18V Basic Body,"786,95",480,DLS111ZU,no
mtools,https://www.mtools.nl/makita-ddf484z-18-v-boor-schroefmachine-losse-body?channable=02d4ec696400333232313168,Makita DDF484Z 18 V Boor-/schroefmachine,"116,46",85,DDF484Z,no
mtools,https://www.mtools.nl/makita-ddf484zj-18-v-boor-schroefmachine?channable=02d4ec69640035393732f3,Makita DDF484ZJ 18 V Boor-/schroefmachine,"131,19",95,DDF484ZJ,no
mtools,https://www.mtools.nl/makita-ddf484rtj-18-v-boor-schroefmachine?channable=02d4ec6964003131373637f1,Makita DDF484RTJ 18 V Boor-/schroefmachine,"367,14",225,DDF484RTJ,no
toolstation,https://www.toolstation.nl/makita-ddf484z-accu-schroefboormachine-body/p27746,Makita DDF484Z accu schroefboormachine (body) 18V Li-ion (27746),"130,92",85,DDF484Z,no
toolstation,https://www.toolstation.nl/makita-ddf484zj-accu-schroefboormachine-body/p66252,Makita DDF484ZJ accu schroefboormachine (body) 18V Li-ion (66252),"149,00",95,DDF484ZJ,no
toolstation,https://www.toolstation.nl/makita-dtd153zj-slagschroevendraaier-body/p72861,Makita DTD153ZJ slagschroevendraaier (body) 18V Li-ion (72861),"159,00",105,DTD153ZJ,no
toolstation,https://www.toolstation.nl/makita-dbo180zj-accu-excentrische-schuurmachine-body/p29041,Makita DBO180ZJ accu excentrische schuurmachine (body) 18V Li-ion (29041),"169,00",105,DBO180ZJ,no
toolstation,https://www.toolstation.nl/makita-dga504z-accu-haakse-slijper-body/p94753,Makita DGA504Z accu haakse slijper (body) 18V Li-ion (94753),"179,00",100,DGA504Z,no
toolstation,https://www.toolstation.nl/makita-dga504zj-accu-haakse-slijper-body/p41142,Makita DGA504ZJ accu haakse slijper (body) 18V Li-ion (41142),"199,00",120,DGA504ZJ,no
toolstation,https://www.toolstation.nl/makita-dhp486z-accu-klopboormachine-body/p24611,Makita DHP486Z accu klopboormachine (body) 18V Li-ion (24611),"228,69",160,DHP486Z,no
toolstation,https://www.toolstation.nl/makita-dtd172zj-accu-slagschroevendraaier-body/p19938,Makita DTD172ZJ accu slagschroevendraaier (body) 18V Li-ion (19938),"249,00",165,DTD172ZJ,no
toolstation,https://www.toolstation.nl/makita-djv181zj-accu-decoupeerzaag-machine-body/p75174,Makita DJV181ZJ accu decoupeerzaag machine (body) 18V Li-ion (75174),"269,00",180,DJV181ZJ,no
toolstation,https://www.toolstation.nl/makita-drt50zjx2-accu-freesmachine-body/p51375,Makita DRT50ZJX2 accu freesmachine (body) 18V Li-ion (51375),"319,00",220,DRT50ZJX2,no
toolstation,https://www.toolstation.nl/makita-ddf484rtj-accu-schroefboormachine/p63284,"Makita DDF484RTJ accu schroefboormachine 18V 5,0Ah Li-ion (63284)","329,00",225,DDF484RTJ,no
toolstation,https://www.toolstation.nl/makita-dtm52zjx2-accu-multitool-body/p34405,Makita DTM52ZJX2 accu multitool (body) 18V Li-ion (34405),"329,00",240,DTM52ZJX2,no
toolstation,https://www.toolstation.nl/makita-drt50zjx9-accu-boven-en-kantenfrees-body/p68113,Makita DRT50ZJX9 accu boven- en kantenfrees (body) 18V Li-ion (68113),"339,00",240,DRT50ZJX9,no
toolstation,https://www.toolstation.nl/makita-dls111zu-accu-radiaal-afkort-verstekzaagmachine-body/p87706,Makita DLS111ZU accu radiaal afkort- & verstekzaagmachine (body) 18V Li-ion (87706),"869,00",480,DLS111ZU,no
hbm-machines,https://www.hbm-machines.com/nl/p/makita-18-volt-boor-schroefmachine-ddf484zj,"Makita Boor-\/schroefmachine body, 18 Volt, DDF484ZJ","129,99",95,DDF484ZJ,no
hbm-machines,https://www.hbm-machines.com/nl/p/makita-18-volt-slagschroevendraaier,"Makita Slagschroevendraaier body, 18 Volt, DTD153Z","129,99",85,DTD153Z,no
hbm-machines,https://www.hbm-machines.com/nl/p/makita-18-volt-slagschroevendraaier-dtd153zj,Makita 18 Volt Slagschroevendraaier body DTD153ZJ,"139,99",105,DTD153ZJ,no
hbm-machines,https://www.hbm-machines.com/nl/p/makita-18-volt-handpalm-excenter-schuurmachine,"Makita Handpalm excenter schuurmachine body, 18 Volt, DBO180ZJ","159,99",105,DBO180ZJ,no
hbm-machines,https://www.hbm-machines.com/nl/p/makita-18-volt-haakse-slijper-125-mm,"Makita Haakse slijper 125 mm body, 18 Volt, DGA504Z","159,99",100,DGA504Z,no
hbm-machines,https://www.hbm-machines.com/nl/p/makita-18-volt-decoupeerzaag-t-model,"Makita Decoupeerzaag T-model body, 18 Volt, DJV181ZJ","239,99",180,DJV181ZJ,no
hbm-machines,https://www.hbm-machines.com/nl/p/makita-18-volt-boven-en-kantenfrees,"Makita Boven- en kantenfrees body, 18 Volt, DRT50ZJX9","299,99",240,DRT50ZJX9,no
hbm-machines,https://www.hbm-machines.com/nl/p/makita-accu-schroefboormachine-18v-50ah-ddf484rtj,"Makita Accu Schroefboormachine 18V 5,0Ah DDF484RTJ","319,99",225,DDF484RTJ,no
hbm-machines,https://www.hbm-machines.com/nl/p/makita-230-volt-radiaal-afkortzaag-260-mm-ls1110f,Makita 230 Volt Radiaal afkortzaag 260 mm LS1110F,"329,99",240,LS1110F,no
installand,https://www.installand.nl/makita-afstandsmeter-ld030p-laser-30-meter,Makita afstandsmeter LD030P laser 30 meter,"95,59",55,LD030P,no
installand,https://www.installand.nl/makita-18v-boor-schroefmachine-ddf484zj-zonder-accu,Makita 18V boor-/schroefmachine DDF484ZJ zonder accu,"168,19",95,DDF484ZJ,no
installand,https://www.installand.nl/makita-18v-haakse-slijper-dga504zj-o-125-mm-zonder-accu,Makita 18V haakse slijper DGA504ZJ Ø 125 mm zonder accu,"228,69",120,DGA504ZJ,no
installand,https://www.installand.nl/makita-18v-slagschroefmachine-dtd172zj-zonder-accu,Makita 18V slagschroefmachine DTD172ZJ zonder accu,"277,09",165,DTD172ZJ,no
installand,https://www.installand.nl/makita-18v-boor-schroefmachine-ddf484rtj-2-x-5-0-ah-li-ion,Makita 18V boor-/schroefmachine DDF484RTJ 2 x 5.0 Ah Li-ion,"470,69",225,DDF484RTJ,no
installand,https://www.installand.nl/makita-stofzuiger-vc3012m-m-klasse-230v,Makita stofzuiger VC3012M M-klasse 230V,"664,29",400,VC3012M,no
visser-assen,https://www.visser-assen.nl/makita-schroefboormachine-ddf484rtj-18v,Schroefboormachine Makita DDF484RTJ 18V,"312,00",225,DDF484RTJ,no
visser-assen,https://www.visser-assen.nl/makita-schroefboormachine-DDF484RTJ-met-schroefbitset,Makita schroefboormachine DDF484RTJ 18V + schroefbitset 31-delig Blackfriday uitvoering,"331,50",225,DDF484RTJ,no
deboerdrachten,https://www.deboerdrachten.nl/product/mkbe05402/makita-bretels,Makita Bretels E-05402,"34,48",15,E-05402,no
deboerdrachten,https://www.deboerdrachten.nl/product/mkbdcl282fzb/makita-18-v-steelstofzuiger-zwart,Makita 18 V Steelstofzuiger Zwart DCL282FZB,"57,35",55,DCL282FZB,no
deboerdrachten,https://www.deboerdrachten.nl/product/mkb1998266/makita-geleiderail-snelspan-klemset,Makita Geleiderail Snelspan Klemset 199826-6,"61,18",45,199826-6,no
deboerdrachten,https://www.deboerdrachten.nl/product/mkbld030p/makita-laser-afstandsmeter-30-meter,Makita Laser afstandsmeter 30 meter LD030P,"74,68",55,LD030P,no
deboerdrachten,https://www.deboerdrachten.nl/product/mkb1991418/makita-geleiderail-1500mm,Makita Geleiderail 1500Mm 199141-8,"79,30",35,199141-8,no
deboerdrachten,https://www.deboerdrachten.nl/product/mkbcp100dzj/makita-108-v-mes,Makita 12 V Max Snijmachine CP100DZJ,"80,36",45,CP100DZ,no
deboerdrachten,https://www.deboerdrachten.nl/product/mkbdbo481z/makita-18-v-handpalm-vlakschuurmachine-dbo481z,Makita 18 V Handpalm vlakschuurmachine DBO481Z,"103,04",75,DBO481Z,no
deboerdrachten,https://www.deboerdrachten.nl/product/mkbdbo480z/makita-18-v-handpalm-vlakschuurmachine-dbo480z,Makita 18 V Handpalm Vlakschuurmachine DBO480Z,"112,49",85,DBO480Z,no
deboerdrachten,https://www.deboerdrachten.nl/product/mkbddf484z/makita-18-v-boor-schroefmachine,Makita 18 V Boor-/schroefmachine DDF484Z,"118,17",85,DDF484Z,no
deboerdrachten,https://www.deboerdrachten.nl/product/mkbddf484zj/makita-ddf484zj-accu-boor-schroefmachine-18-v,Makita 18 V Boor-/schroefmachine DDF484ZJ,"131,39",95,DDF484ZJ,no
deboerdrachten,https://www.deboerdrachten.nl/product/mkbdtd153z/makita-18-v-slagschroevendraaier,Makita 18 V Slagschroevendraaier DTD153Z,"131,39",85,DTD153Z,no
deboerdrachten,https://www.deboerdrachten.nl/product/mkbdbo180z/makita-18-v-excenter-schuurmachine-zonder-accu-en-lader-in-doos,Makita 18 V Handpalm excenter schuurmachine DBO180Z,"140,86",75,DBO180Z,no
deboerdrachten,https://www.deboerdrachten.nl/product/mkbdbo180zj/makita-schuurmachine-excentrisch-accu-basic-18-v-dbo180zj,Makita 18 V Handpalm excenter schuurmachine DBO180ZJ,"155,98",105,DBO180ZJ,no
deboerdrachten,https://www.deboerdrachten.nl/product/mkbdtd153zj/makita-dtd153zj-18-v-slagschroevendraaier,Makita 18 V Slagschroevendraaier DTD153ZJ,"165,43",105,DTD153ZJ,no
deboerdrachten,https://www.deboerdrachten.nl/product/mkbdga504z/makita-18-v-haakse-slijper-125-mm,Makita 18 V Haakse slijper 125 mm DGA504Z,"165,43",100,DGA504Z,no
deboerdrachten,https://www.deboerdrachten.nl/product/mkbdas180z/18-v-blaas-en-zuigmachine-zonder-accu-en-lader-in-doos,Makita DAS180Z Accu Blaas-/Zuigmachine 18 V - Zonder Accu en Lader,"166,38",115,DAS180Z,no
deboerdrachten,https://www.deboerdrachten.nl/product/mkbdga504zj/makita-dga504zj-haakse-slijpmachine-125mm,Makita 18 V Haakse slijper 125 mm DGA504ZJ,"178,67",120,DGA504ZJ,no
deboerdrachten,https://www.deboerdrachten.nl/product/mkbdga511zj/makita-dga511zj-accu-haakse-slijper-18v-125-mm-in-m-box,Makita 18 V Haakse slijper 125 mm DGA511ZJ,"197,57",150,DGA511ZJ,no
deboerdrachten,https://www.deboerdrachten.nl/product/mkbdtd172z/makita-18-v-slagschroevendraaier-dtd172z,Makita 18 V Slagschroevendraaier DTD172Z,"203,24",135,DTD172Z,no
deboerdrachten,https://www.deboerdrachten.nl/product/mkbdhp486z/makita-18-v-klopboor-schroefmachine-zonder-accu-en-lader-dhp486z,Makita 18 V Klopboor-/schroefmachine DHP486Z,"212,69",160,DHP486Z,no
deboerdrachten,https://www.deboerdrachten.nl/product/mkbdtd172zj/makita-18-v-slagschroevendraaier-dtd172zj,Makita 18 V Slagschroevendraaier DTD172ZJ,"216,48",165,DTD172ZJ,no
deboerdrachten,https://www.deboerdrachten.nl/product/mkbdhp486zj/makita-18-v-klopboor-schroefmachine,Makita 18 V Klopboor-/schroefmachine DHP486ZJ,"225,93",175,DHP486ZJ,no
deboerdrachten,https://www.deboerdrachten.nl/product/mkbdjv181zj/makita-decoupeerzaag-djv181zj-18-volt,Makita 18 V Decoupeerzaag T-model DJV181ZJ,"244,83",180,DJV181ZJ,no
deboerdrachten,https://www.deboerdrachten.nl/product/mkbdrt50zjx2/makita-18-v-boven-en-kantenfrees,Makita 18 V Boven- en kantenfrees DRT50ZJX2,"288,32",220,DRT50ZJX2,no
deboerdrachten,https://www.deboerdrachten.nl/product/mkbdtm52zjx2/makita-18-v-multitool-zonder-accus-en-lader-met-accessoire-set-in-mbox,Makita 18 V Multitool DTM52ZJX2,"311,01",240,DTM52ZJX2,no
deboerdrachten,https://www.deboerdrachten.nl/product/mkbdrt50zjx9/makita-18-v-boven-en-kantenfrees,Makita 18 V Boven- en kantenfrees DRT50ZJX9,"311,01",240,DRT50ZJX9,no
deboerdrachten,https://www.deboerdrachten.nl/product/mkbls1110f/makita-ls1110f-230v-radiaal-afkortzaag-260-mm-1450w,Makita 230 V Radiaal Afkortzaag 260 mm LS1110F,"351,90",240,LS1110F,no
deboerdrachten,https://www.deboerdrachten.nl/product/mkbdtd153rtj/makita-18-v-slagschroevendraaier-dtd153rtj,Makita 18 V Slagschroevendraaier DTD153RTJ,"405,82",250,DTD153RTJ,no
deboerdrachten,https://www.deboerdrachten.nl/product/mktvc3012l/makita-230-v-stofzuiger-l-klasse-vc3012l,Makita 230 V Stofzuiger L-Klasse VC3012L,"414,99",320,VC3012L,no
deboerdrachten,https://www.deboerdrachten.nl/product/mkbdhp486rtj/makita-18-v-klopboor-schroefmachine,Makita 18 V Klopboor-/schroefmachine DHP486RTJ,"462,26",325,DHP486RTJ,no
deboerdrachten,https://www.deboerdrachten.nl/product/mktvc3012m/makita-230-v-stofzuiger-m-klasse-vc3012m,Makita 230 V Stofzuiger M-Klasse VC3012M,"518,98",400,VC3012M,no
boer-staphorst,https://www.boer-staphorst.nl/dbo480z-18-v-handpalm-vlakschuurmachine-in-doos-0088381760720,Handpalm vlakschuurmachine DBO480Z 18 V,"143,99",85,DBO480Z,no
boer-staphorst,https://www.boer-staphorst.nl/ddf484zj-18-v-boor-schroefmachine-0088381826525,Boor-/schroefmachine DDF484ZJ 18 V (zonder accu en lader),"168,19",95,DDF484ZJ,no
boer-staphorst,https://www.boer-staphorst.nl/dtd153zj-18-v-slagschroevendraaier-0088381824026,Slagschroevendraaier DTD153ZJ 18 V (zonder accu en lader),"187,55",105,DTD153ZJ,no
boer-staphorst,https://www.boer-staphorst.nl/dbo180zj-18-v-excenter-schuurmachine-0088381658638,Excenter schuurmachine DBO180ZJ 18 V (zonder accu en lader),"199,65",105,DBO180ZJ,no
boer-staphorst,https://www.boer-staphorst.nl/dga504z-haakse-slijper-body-0088381683920,Haakse slijper DGA504Z 125 mm 18 V (zonder accu en lader),"211,75",100,DGA504Z,no
boer-staphorst,https://www.boer-staphorst.nl/dga504zj-18-v-haakse-slijper-125-mm-0088381683951,Haakse slijper DGA504ZJ 125 mm 18 V (zonder accu en lader),"228,69",120,DGA504ZJ,no
boer-staphorst,https://www.boer-staphorst.nl/ddf484rtj-18-v-boor-schroefmachine-0088381826433,DDF484RTJ 18 v boor-/schroefmachine,"299,00",225,DDF484RTJ,no
boer-staphorst,https://www.boer-staphorst.nl/djv181zj-18-v-decoupeerzaag-t-model-0088381650946,Decoupeerzaag DJV181ZJ 18 V (zonder accu en lader),"313,39",180,DJV181ZJ,no
boer-staphorst,https://www.boer-staphorst.nl/drt50zjx2-18-v-boven-en-kantenfrees-0088381846127,Boven- en kantenfrees DRT50ZJX2 18 V (zonder accu en lader),"369,05",220,DRT50ZJX2,no
boer-staphorst,https://www.boer-staphorst.nl/radiaal-afkortzaag-260-mm-0088381851268,Radiaal afkortzaag DLS111ZU 260 mm 2x 18 V (zonder accu en lader),"821,83",480,DLS111ZU,no
vankats,https://www.vankats.nl/assortiment/artikel/dcl282fzb/makita-dcl282fzb-steekstofzuiger-zwart.html,MAKITA DCL282FZB STEEKSTOFZUIGER ZWART,"78,65",55,DCL282FZB,no
vankats,https://www.vankats.nl/assortiment/artikel/ddf484zj/makita-ddf484zj-boor-schroefmachine-18v.html,MAKITA DDF484ZJ BOOR-/SCHROEFMACHINE 18V,"168,19",95,DDF484ZJ,no
vankats,https://www.vankats.nl/assortiment/artikel/dbo180zj/makita-dbo180zj-schuurmachine-18v.html,MAKITA DBO180ZJ SCHUURMACHINE 18V,"199,65",105,DBO180ZJ,no
vankats,https://www.vankats.nl/assortiment/artikel/ddf486zj/makita-ddf484zj-boor-schroefmachine-18v.html,MAKITA DDF484ZJ BOOR-/SCHROEFMACHINE 18V,"252,89",95,DDF484ZJ,no
bol,https://www.bol.com/nl/nl/p/makita-dcl282fzb-18v-li-ion-accu-steelstofzuiger-body-zwart-1500l-min-koolborstelloos/9300000037175424/,DCL282FZB 18 V Stofzuiger,"68,51",55,DCL282FZB,no
bol,https://www.bol.com/nl/nl/p/makita-cp100dz-10-8v-li-ion-accu-snijmachine-body-6mm/9300000042941059/,"Makita CP100DZ 10,8V Li-ion accu snijmachine body - 6mm","68,53",45,CP100DZ,no
bol,https://www.bol.com/nl/nl/p/makita-laser-afstandsmeter-30-meter-ld030p/9200000059277305/,Makita Laser afstandsmeter - 30 meter - LD030P,"72,10",55,LD030P,no
bol,https://www.bol.com/nl/nl/p/makita-dcl282fz-18v-accu-steelstofzuiger-zonder-accu-s-en-lader/9200000121303766/,DCL282FZ 18 V Stofzuiger,"80,93",45,DCL282FZ,no
bol,https://www.bol.com/nl/nl/p/makita-dbo481z-18-v-handpalm-vlakschuurmachine/9300000122725177/,Makita DBO481Z Accu Handpalm Vlakschuurmachine 18V Basic Body,"90,06",75,DBO481Z,no
bol,https://www.bol.com/nl/nl/p/makita-dbo180z-18-v-excenter-schuurmachine-losse-body/9200000101348835/,Makita DBO180Z 18 V Excenter schuurmachine - Losse Body (geleverd zonder accu en lader),"92,99",75,DBO180Z,no
bol,https://www.bol.com/nl/nl/p/makita-dtd153z-18-v-slagschroevendraaier-losse-body/9200000101348889/,Makita DTD153Z 18 V Slagschroevendraaier - Losse Body (geleverd zonder accu en lader),"110,00",85,DTD153Z,no
bol,https://www.bol.com/nl/nl/p/ddf484z-18v-boor-schroefmachine-koolborstelloos-losse-body/9200000101082753/,DDF484Z 18v Boor-/schroefmachine koolborstelloos - Losse Body (geleverd zonder accu en lader),"114,95",85,DDF484Z,no
bol,https://www.bol.com/nl/nl/p/makita-ddf484zj-accuboormachine-18v-li-ion-losse-body/9200000078319662/,Makita DDF484ZJ Accuboormachine - 18V Li-ion -Losse Body (geleverd zonder accu en lader),"119,40",95,DDF484ZJ,no
bol,https://www.bol.com/nl/nl/p/dbo180zj-accu-schuurmachine-losse-body/9200000027391069/,DBO180ZJ accu schuurmachine - Losse Body (geleverd zonder accu en lader),"132,90",105,DBO180ZJ,no
bol,https://www.bol.com/nl/nl/p/makita-dtd153zj-18v-li-ion-accu-slagschroevendraaier-losse-body/9200000082724732/,Makita DTD153ZJ 18V Li-Ion accu slagschroevendraaier - Losse Body (geleverd zonder accu en lader),"135,60",105,DTD153ZJ,no
bol,https://www.bol.com/nl/nl/p/makita-dga504z-haakse-slijper-18-v-125-mm-losse-body/9200000075614682/,Makita DGA504Z Haakse Slijper - 18 V - 125 mm - Losse Body (geleverd zonder accu en lader),"135,99",100,DGA504Z,no
bol,https://www.bol.com/nl/nl/p/makita-dga511z-haakse-slijper-18-v-125-mm-losse-body/9200000107796825/,Makita DGA511Z Haakse slijper - 18 V - 125 mm - Losse Body (geleverd zonder accu en lader),"142,88",110,DGA511Z,no
bol,https://www.bol.com/nl/nl/p/makita-das180z-accu-blaasmachine-lxt-18v-basic-body/9300000151213693/,Makita - DAS180Z - Accu Blaasmachine - LXT 18V - Basic Body,"151,00",115,DAS180Z,no
bol,https://www.bol.com/nl/nl/p/palm-schuurmachine-18v-lxt-112x102-mm-in-makpac-makita-dbo480zj/9300000132227438/,Makita DBO480ZJ Accu Handpalm Vlakschuurmachine 18V Basic Body in Mbox,"166,40",115,DBO480ZJ,no
bol,https://www.bol.com/nl/nl/p/makita-haakse-slijper-dga504zj-18v-125-mm-losse-body/9200000071378100/,Makita haakse slijper - DGA504ZJ - 18V - 125 mm - Losse Body (geleverd zonder accu en lader),"170,69",120,DGA504ZJ,no
bol,https://www.bol.com/nl/nl/p/makita-dtd172z-accu-slagschroevendraaier-18v-basic-body/9300000122725464/,Makita DTD172Z Accu slagschroevendraaier 180Nm 18V Basic Body,"176,00",135,DTD172Z,no
bol,https://www.bol.com/nl/nl/p/makita-dga511zj-18-v-haakse-slijper-125-mm/9200000121303782/,Makita DGA511ZJ 18 V Haakse slijper 125 mm,"187,64",150,DGA511ZJ,no
bol,https://www.bol.com/nl/nl/p/shark-flexstyle-5-in-1-fohn-en-multistyler-zwart-hd440eu/9300000146122662/,"Shark FlexStyle 5-in-1 Föhn en Multistyler - Inclusief Airstyler, Diffuser, Concentrator, Volume- en Stijlborstel Accessoires - Zwart/Rose - HD440EU","191,99",160,Shark FlexStyle 5-in-1,no
bol,https://www.bol.com/nl/nl/p/makita-dtd172zj-accu-slagschroevendraaier-18v-basic-body-in-mbox/9300000119065178/,Makita DTD172ZJ Accu slagschroevendraaier 180Nm 18V Basic Body in Mbox,"199,00",165,DTD172ZJ,no
bol,https://www.bol.com/nl/nl/p/shark-flexstyle-5-in-1-fohn-en-multistyler-airstyler-diffuser-concentrator-volume-en-stijlborstel-zilver-goud-hd440sleu/9300000146120130/,"Shark FlexStyle 5-in-1 Föhn en Multistyler - Inclusief Airstyler, Diffuser, Concentrator, Volume- en Stijlborstel Accessoires - Zilver/Goud - HD440SLEU","205,14",160,Shark FlexStyle 5-in-1,no
bol,https://www.bol.com/nl/nl/p/makita-dhp486z-18v-accu-klopboor-en-schroefmachine-zonder-accu-s-en-lader/9300000045627560/,Makita - DHP486Z - 18V - accu - klopboor- en schroefmachine - zonder accu`s en lader,"205,20",160,DHP486Z,no
bol,https://www.bol.com/nl/nl/p/makita-dhp486zj-18v-accu-klopboor-en-schroefmachine-in-mbox-zonder-accu-s-en-lader/9300000060267132/,Makita DHP486ZJ 18V Accu Klopboor- En Schroefmachine In Mbox Zonder Accu's En Lader,"208,00",175,DHP486ZJ,no
bol,https://www.bol.com/nl/nl/p/makita-djv181z-accu-decoupeerzaag-18v-losse-body/9200000101347295/,Makita DJV181Z Accu Decoupeerzaag 18V - Losse Body (geleverd zonder accu en lader),"211,35",150,DJV181Z,no
bol,https://www.bol.com/nl/nl/p/makita-djv181zj-accu-decoupeerzaag-18v-basic-body-in-mbox-losse-body/9200000057304852/,Makita DJV181ZJ Accu Decoupeerzaag 18V Basic Body in Mbox - Losse Body (geleverd zonder accu en lader),"238,43",180,DJV181ZJ,no
bol,https://www.bol.com/nl/nl/p/makita-boor-schroefmachine-ddf484rtj-5-0-ah-18v/9200000077335759/,MAKITA Boor/Schroefmachine DDF484RTJ - 5.0 Ah - 18V,"279,48",225,DDF484RTJ,no
bol,https://www.bol.com/nl/nl/p/makita-dtd153rtj-18v-accu-slagschroevendraaier-2x-5-0ah-in-mbox/9200000076968721/,Makita DTD153RTJ 18V Accu Slagschroevendraaier 2x 5.0Ah In Mbox,"299,95",250,DTD153RTJ,no
bol,https://www.bol.com/nl/nl/p/makita-dtm52zjx2-multitool-18v-zonder-accu-s-en-lader-in-mbox/9300000085665135/,Makita - DTM52ZJX2 - Accu Multitool met Accessoires - 18V Basic Body in Mbox,"300,90",240,DTM52ZJX2,no
bol,https://www.bol.com/nl/nl/p/makita-drt50zjx9-18v-li-ion-accu-boven-kantenfrees-body-in-mbox/9200000109402510/,Makita - DRT50ZJX9 - 18V Li-Ion accu Boven / kantenfrees body in Mbox,"301,99",240,DRT50ZJX9,no
bol,https://www.bol.com/nl/nl/p/makita-dhs661zju-18v-li-ion-accu-cirkelzaag-body-in-mbox-165mm-koolborstelloos/9200000108184344/,Makita DHS661ZJU 18V Li-Ion accu cirkelzaag body in Mbox - 165mm - koolborstelloos,"307,79",250,DHS661ZJU,no
bol,https://www.bol.com/nl/nl/p/makita-dbo180rtj-18v-accu-125-mm-excenter-schuurmachine-2x-5-0ah-in-mbox/9200000057304979/,Makita DBO180RTJ 18V Accu 125 Mm Excenter Schuurmachine 2x 5.0Ah In Mbox,"313,14",250,DBO180RTJ,no
bol,https://www.bol.com/nl/nl/p/makita-ls1110f-afkortzaag-260mm/9300000176808322/,Makita LS1110F Radiaal Afkortzaag 260mm 230V,"316,69",240,LS1110F,no
bol,https://www.bol.com/nl/nl/p/makita-dbo481rtj-accu-handpalm-vlakschuurmachine-18v-5-0ah-in-mbox/9300000122725173/,Makita DBO481RTJ Accu Handpalm Vlakschuurmachine 18V 5.0Ah in Mbox,"328,26",270,DBO481RTJ,no
bol,https://www.bol.com/nl/nl/p/makita-dbo480rtj-accu-handpalm-vlakschuurmachine-18v-2-x-5-0-ah-accu-snellader-in-mbox/9300000122725174/,Makita DBO480RTJ Accu Handpalm Vlakschuurmachine | 18V | 2 x 5.0 Ah accu + snellader | In Mbox,"337,38",270,DBO480RTJ,no
bol,https://www.bol.com/nl/nl/p/makita-dga504rtj-18v-li-ion-accu-haakse-slijper-set-in-mbox-125mm-koolborstelloos/9200000035987701/,Makita DGA504RTJ 18V Li-Ion Accu haakse slijper set (2x 5.0Ah accu) in Mbox - 125mm - koolborstelloos,"340,99",270,DGA504RTJ,no
bol,https://www.bol.com/nl/nl/p/makita-ddf484rtj-boor-schroefmachine-18v-inclusief-3-accu-s-5-0-ah-en-snellader-in-mbox/9200000090126883/,"Makita DDF484RTJ 18Volt accuboor/schroefmachine inclusief 3 accu's 5,0 Ah en snellader in MBox - DDF484RT3J met 3x NL1850B + DC18RC in MBOX","375,00",225,DDF484RTJ,no
bol,https://www.bol.com/nl/nl/p/makita-dtd172rtj-accu-slagschroevendraaier-18v-5-0ah-in-mbox/9300000119065179/,Makita DTD172RTJ Accu slagschroevendraaier 180Nm 18V 5.0Ah in Mbox,"387,20",280,DTD172RTJ,no
bol,https://www.bol.com/nl/nl/p/makita-dhp486rtj-18v-accu-klopboor-en-schroefmachine-2x-5-0ah-in-mbox/9300000043996247/,Makita DHP486RTJ 18V Accu Klopboor- En Schroefmachine 2x 5.0Ah In Mbox,"387,99",325,DHP486RTJ,no
bol,https://www.bol.com/nl/nl/p/makita-dhs783zju-2x18v-li-ion-accu-cirkelzaag-body-190mm/9200000121303656/,Makita DHS783ZJU 2x18V Li-Ion accu Cirkelzaag body - 190mm,"390,10",325,DHS783ZJU,no
bol,https://www.bol.com/nl/nl/p/makita-dtd172rtj-accu-slagmoersleutel-18-v-5-0-ah-li-ion-incl-accu-incl-2-accus-incl-lader/9300000132227610/,"Makita DTD172RTJ Accu-slagmoersleutel 180 Nm 18 V Aantal meegeleverde accu's: 2 5.0 Ah Li-ion Incl. accu, Incl. 2 accu'","422,00",280,DTD172RTJ,no
bol,https://www.bol.com/nl/nl/p/makita-vc3012l-stofzuiger-l-klasse-23-5l-1200w/9200000101082007/,Makita VC3012L Stofzuiger L-Klasse 23.5L 1200W,"434,56",320,VC3012L,no
bol,https://www.bol.com/nl/nl/p/makita-djv181rtj-accu-decoupeerzaag-18v-5-0ah-li-ion-in-mbox/9200000101101800/,Makita DJV181RTJ Accu Decoupeerzaag 18V 5.0Ah Li-ion in Mbox,"440,90",320,DJV181RTJ,no
bol,https://www.bol.com/nl/nl/p/makita-dls111zu-36v-li-ion-accu-afkort-en-verstekzaagmachine-body-260-x-30mm-koolborstelloos/9200000098287302/,Makita DLS111ZU 36V (2x 18V) Li-Ion Accu afkort- en verstekzaagmachine body - 260 x 30mm - koolborstelloos,"853,39",480,DLS111ZU,no
klium,https://www.klium.nl/nl/makita-e-05402-bretellen-met-clips-110956,MAKITA E-05402 bretellen met clips,"23,80",15,E-05402,no
klium,https://www.klium.nl/nl/makita-199826-6-snelspan-klemset-voor-geleiderail-2-delig-109731,MAKITA 199826-6 snelspan klemset voor geleiderail 2-delig,"59,20",45,199826-6,no
klium,https://www.klium.nl/nl/makita-ld030p-laser-afstandsmeter-30m-140761,MAKITA LD030P laser-afstandsmeter 30m,"71,83",55,LD030P,no
klium,https://www.klium.nl/nl/makita-ddf484z-18v-lxt-accu-boorschroefmachine-13mm-in-kartonnen-doos-zonder-accu-en-lader-156443,MAKITA DDF484Z 18V LXT accu-boorschroefmachine 13mm in kartonnen doos (zonder accu en lader),"118,41",85,DDF484Z,no
klium,https://www.klium.nl/nl/makita-dbo481zj-18v-accu-vlakschuurmachine-112x102mm-in-makpac-zonder-accu-en-lader-107514,MAKITA DBO481ZJ 18V accu-vlakschuurmachine 112x102mm in MAKPAC (zonder accu en lader),"119,81",112,DBO481ZJ,yes
klium,https://www.klium.nl/nl/makita-dtd153z-18v-lxt-accu-slagschroevendraaier-170nm-1-4-hex-in-kartonnen-doos-zonder-accu-en-lader-107914,"MAKITA DTD153Z 18V LXT accu-slagschroevendraaier 170Nm 1/4"" Hex in kartonnen doos (zonder accu en lader)","122,21",85,DTD153Z,no
klium,https://www.klium.nl/nl/makita-dbo480zj-18v-accu-vlakschuurmachine-112-x-102-mm-in-makpac-ii-zonder-accu-en-lader-153667,MAKITA DBO480ZJ 18V accu-vlakschuurmachine 112 x 102 mm in MAKPAC II (zonder accu en lader),"129,81",115,DBO480ZJ,no
klium,https://www.klium.nl/nl/makita-dcl282fz-18v-lxt-accu-stofzuiger-zonder-accu-en-lader-108558,MAKITA DCL282FZ 18V LXT accu-stofzuiger (zonder accu en lader),"130,61",45,DCL282FZ,no
klium,https://www.klium.nl/nl/makita-dbo180zj-18v-lxt-excentrische-accu-schuurmachine-125-mm-in-makpac-ii-zonder-accu-en-lader-156610,MAKITA DBO180ZJ 18V LXT excentrische accu-schuurmachine 125 mm in MAKPAC II (zonder accu en lader),"145,61",105,DBO180ZJ,no
klium,https://www.klium.nl/nl/makita-das180z-18v-accu-blaas-en-zuigmachine-zonder-accu-en-lader-146235,MAKITA DAS180Z 18V accu-blaas- en zuigmachine (zonder accu en lader),"145,61",115,DAS180Z,no
klium,https://www.klium.nl/nl/makita-dtd172zj-18v-lxt-accu-slagschroevendraaier-180nm-1-4-hex-in-makpac-ii-zonder-accu-en-lader-113098,"MAKITA DTD172ZJ 18V LXT accu-slagschroevendraaier 180Nm 1/4"" Hex in MAKPAC II (zonder accu en lader)","209,41",165,DTD172ZJ,no
klium,https://www.klium.nl/nl/makita-dhp486z-18v-lxt-accu-klopboorschroefmachine-in-kartonnen-doos-zonder-accu-en-lader-109048,MAKITA DHP486Z 18V LXT accu-klopboorschroefmachine in kartonnen doos (zonder accu en lader),"216,61",160,DHP486Z,no
klium,https://www.klium.nl/nl/makita-djv181z-18v-lxt-accu-decoupeerzaag-in-kartonnen-doos-zonder-accu-en-lader-107244,MAKITA DJV181Z 18V LXT accu-decoupeerzaag in kartonnen doos (zonder accu en lader),"225,61",150,DJV181Z,no
klium,https://www.klium.nl/nl/makita-ls1110f-afkort-verstekzaag-260-mm-1450-w-146448,MAKITA LS1110F afkort-verstekzaag 260 mm 1450 W,"301,41",240,LS1110F,no
klium,https://www.klium.nl/nl/makita-dhs661zju-18v-lxt-accu-cirkelzaag-aws-57mm-165mm-in-makpac-zonder-accu-en-lader-108420,MAKITA DHS661ZJU 18V LXT accu-cirkelzaag AWS 57mm 165mm in MAKPAC (zonder...,"316,61",250,DHS661ZJU,no
klium,https://www.klium.nl/nl/makita-ddf484rtj-18v-lxt-accu-boorschroefmachine-13mm-in-makpac-2x-50ah-accu-lader-153665,"MAKITA DDF484RTJ 18V LXT accu-boorschroefmachine 13mm in MAKPAC (2x 5,0Ah accu + lader)","338,96",225,DDF484RTJ,no
klium,https://www.klium.nl/nl/makita-dbo481rtj-18v-accu-vlakschuurmachine-112x102mm-in-makpac-2x-50ah-accu-lader-108051,"MAKITA DBO481RTJ 18V accu-vlakschuurmachine 112x102mm in MAKPAC (2x 5,0Ah accu + lader)","339,56",270,DBO481RTJ,no
klium,https://www.klium.nl/nl/makita-dbo480rtj-18v-accu-vlakschuurmachine-112x102mm-in-makpac-2x-50ah-accu-lader-109205,"MAKITA DBO480RTJ 18V accu-vlakschuurmachine 112x102mm in MAKPAC (2x 5,0Ah accu + lader)","354,76",270,DBO480RTJ,no
klium,https://www.klium.nl/nl/makita-dtd153rtj-18v-lxt-accu-slagschroevendraaier-170nm-in-makpac-2x-50ah-accu-lader-108172,"MAKITA DTD153RTJ 18V LXT accu-slagschroevendraaier 170Nm in MAKPAC (2x 5,0Ah accu + lader)","391,96",250,DTD153RTJ,no
klium,https://www.klium.nl/nl/makita-dbo180rtj-18v-lxt-excentrische-accu-schuurmachine-125mm-in-makpac-2x-50ah-accu-lader-142972,"MAKITA DBO180RTJ 18V LXT excentrische accu-schuurmachine 125mm in MAKPAC (2x 5,0Ah accu + lader)","392,31",250,DBO180RTJ,no
klium,https://www.klium.nl/nl/makita-vc3012l-bedrijfsstofzuiger-l-klasse-1200w-30l-250mbar-met-accessoireset-106726,MAKITA VC3012L bedrijfsstofzuiger L-klasse 1200W 30L 250mbar met accessoireset,"424,41",320,VC3012L,no
klium,https://www.klium.nl/nl/makita-dhs783zju-2x18v-lxt-accu-cirkelzaag-625mm-190mm-zonder-accu-en-lader-106888,"MAKITA DHS783ZJU 2x18V LXT accu-cirkelzaag 62,5mm 190mm (zonder accu en lader)","429,96",325,DHS783ZJU,no
klium,https://www.klium.nl/nl/makita-dtd172rtj-18v-lxt-accu-slagschroevendraaier-180nm-1-4-hex-in-makpac-2x-50ah-accu-lader-109257,"MAKITA DTD172RTJ 18V LXT accu-slagschroevendraaier 180Nm 1/4"" Hex in MAKPAC (2x 5,0Ah accu + lader)","448,31",280,DTD172RTJ,no
klium,https://www.klium.nl/nl/makita-djv181rtj-18v-lxt-accu-decoupeerzaag-in-makpac-2x-50ah-accu-lader-144355,"MAKITA DJV181RTJ 18V LXT accu-decoupeerzaag in MAKPAC (2x 5,0Ah accu + lader)","485,77",320,DJV181RTJ,no
klium,https://www.klium.nl/nl/makita-vc3012m-bedrijfsstofzuiger-m-klasse-1200w-30l-250mbar-met-accessoireset-106773,MAKITA VC3012M bedrijfsstofzuiger M-klasse 1200W 30L 250mbar met accessoireset,"537,81",400,VC3012M,no
klium,https://www.klium.nl/nl/makita-dls111zu-2x18v-lxt-accu-afkort-verstekzaag-260mm-zonder-accu-en-lader-106785,MAKITA DLS111ZU 2x18V LXT accu-afkort/verstekzaag 260mm (zonder accu en lader),"817,21",480,DLS111ZU,no
amazon,https://www.amazon.nl/Makita-CP100DZ-universele-accuschaar-oplader/dp/B075V7NRBB/ref=sr_1_1?dib=eyJ2IjoiMSJ9.zeEMiacnCfG1uQ_PjSqzfPC-uBF5O4FAmDoMmuO-pTM7J2yeGyhnnRKsc7zcMCU0yhVYM47YQOwaqVaWuVBzKoMGWxO-4ZEjGRdP-tvt0JTa8nQ1-2nMlwGyEln7N2-nPBk-8iFsRKt3JsEZzO3HkJ_4Rmh_1CPvJLhwLdzb83T4F4vUpR262ObkfKMUZOvkx-XUdjmbKykLxgCrLx4OUuWi83B5W45ykpFY6hiR4OzjTLHDxcdLW8mL6ncCo4cNbRYRjus7oxnK0BOg6wRnSMaMePTvVA3bQu5wYEkgSmw.6_4d2RYnutpV3zj8lfbP18V-7orffGr0iGDxeBuN8jY&dib_tag=se&keywords=CP100DZ&qid=1731403089&sr=8-1,"Makita CP100DZ universele accuschaar 10,8 V (zonder accu, zonder oplader)",53,45,CP100DZ,no
amazon,https://www.amazon.nl/FengWings%C2%AE-BL1021B-DC10WD-compatibel-197396-9/dp/B07XXRNCZ5/ref=sr_1_2?dib=eyJ2IjoiMSJ9.zeEMiacnCfG1uQ_PjSqzfPC-uBF5O4FAmDoMmuO-pTM7J2yeGyhnnRKsc7zcMCU0yhVYM47YQOwaqVaWuVBzKoMGWxO-4ZEjGRdP-tvt0JTa8nQ1-2nMlwGyEln7N2-nPBk-8iFsRKt3JsEZzO3HkJ_4Rmh_1CPvJLhwLdzb83T4F4vUpR262ObkfKMUZOvkx-XUdjmbKykLxgCrLx4OUuWi83B5W45ykpFY6hiR4OzjTLHDxcdLW8mL6ncCo4cNbRYRjus7oxnK0BOg6wRnSMaMePTvVA3bQu5wYEkgSmw.6_4d2RYnutpV3zj8lfbP18V-7orffGr0iGDxeBuN8jY&dib_tag=se&keywords=CP100DZ&qid=1731403089&sr=8-2,"FengWings® BL1021B 2.0Ah accu 2 x met oplader DC10WD DC10SB, compatibel met Makita 12V accu BL1016 BL1015 BL1020 BL1041B 197396-9 / CP100DZ JR103D MP100DZ TD110D DF031D DF0331D DF0333D DF0333D 31D",54,45,CP100DZ,no
amazon,https://www.amazon.nl/BL1021B-Oplader-197396-9-HP333DSAP1-DF333DSAE/dp/B0B4RQM6BQ/ref=sr_1_3?dib=eyJ2IjoiMSJ9.zeEMiacnCfG1uQ_PjSqzfPC-uBF5O4FAmDoMmuO-pTM7J2yeGyhnnRKsc7zcMCU0yhVYM47YQOwaqVaWuVBzKoMGWxO-4ZEjGRdP-tvt0JTa8nQ1-2nMlwGyEln7N2-nPBk-8iFsRKt3JsEZzO3HkJ_4Rmh_1CPvJLhwLdzb83T4F4vUpR262ObkfKMUZOvkx-XUdjmbKykLxgCrLx4OUuWi83B5W45ykpFY6hiR4OzjTLHDxcdLW8mL6ncCo4cNbRYRjus7oxnK0BOg6wRnSMaMePTvVA3bQu5wYEkgSmw.6_4d2RYnutpV3zj8lfbP18V-7orffGr0iGDxeBuN8jY&dib_tag=se&keywords=CP100DZ&qid=1731403089&sr=8-3,"2X BL1021B 2.0Ah Accu met 10.8V 12V Oplader DC10WD DC10SB, voor Makita 12V Accu BL1020B BL1015 BL1016 BL1041B BL1040B 197396-9, HP333DSAP1 MP100DZ DF031D DF0331D TD110D JR103D CP100DZ DF333DSAE",56,45,CP100DZ,no
amazon,https://www.amazon.nl/Universal-scharen-Makita-CP100DZ-Li-Ion/dp/B07R63C2WM/ref=sr_1_10?dib=eyJ2IjoiMSJ9.zeEMiacnCfG1uQ_PjSqzfPC-uBF5O4FAmDoMmuO-pTM7J2yeGyhnnRKsc7zcMCU0yhVYM47YQOwaqVaWuVBzKoMGWxO-4ZEjGRdP-tvt0JTa8nQ1-2nMlwGyEln7N2-nPBk-8iFsRKt3JsEZzO3HkJ_4Rmh_1CPvJLhwLdzb83T4F4vUpR262ObkfKMUZOvkx-XUdjmbKykLxgCrLx4OUuWi83B5W45ykpFY6hiR4OzjTLHDxcdLW8mL6ncCo4cNbRYRjus7oxnK0BOg6wRnSMaMePTvVA3bQu5wYEkgSmw.6_4d2RYnutpV3zj8lfbP18V-7orffGr0iGDxeBuN8jY&dib_tag=se&keywords=CP100DZ&qid=1731403089&sr=8-10,"Power Accu voor Universal scharen Makita CP100DZ, 12V, Li-Ion",58,45,CP100DZ,no
amazon,https://www.amazon.nl/Makita-LD030P-afstandsmeter-turquoise-zilver/dp/B0158J93C8/ref=sr_1_1?dib=eyJ2IjoiMSJ9.bnX41URy77tDVvIFqWtNkuSoQJdLUnfXdewwCGJbn2MiYwYOeNySEDtoxELgPUqWq5AQnDLHrdYVh1L5qFHiFzbzuHi_UW2El0KC66_SS4F3Fz25q-hBQRftf59P1rP29wVJwYn07-pOD6Rvk4_Ca_CYFr7mgH93luW1S3neGdBW3so6a_A_8al0gGifAm6nXercCIsQDGynYz6BbZ6ntM1xserFxd-ESIOBgG84cBhpkFr1W-Oon_sB7fMboEjvEndfQnRk6Jym7j9i6-gVGyJieVvULTr4BLdeWDL7ejw.AoHHvM3VYLRJ1KPtK-9xtg5tILil32hYU4o5u3bmVF4&dib_tag=se&keywords=LD030P&qid=1731403061&sr=8-1,"Makita LD030P afstandsmeter 30 m, zwart, turquoise, blauw, zilver",67,55,LD030P,no
amazon,https://www.amazon.nl/Makita-DBO481Z-18V-Li-ion-afwerkingsschuurmachine/dp/B0B87Z9DQ6/ref=sr_1_9?dib=eyJ2IjoiMSJ9.JObkNKVDqQfIKm_UZNB4Nh78hM3jPvuzJGVAP_ewPnlz4tj0AEQ0bEwSsIbyYdPosCUjGvLVSAL-WHO92AnNBpvT1xphf8Qg8HdLUdo_mK0SO_8xGgssT9GwDjKPEjHIbYn2ycaIPT6SITDLs0_KoObnqYFeXPcNKcXE219xX752iAaTfzFTLgjNk567Y4ybXpefEO8VwQDAQ4dV-WBBf2HfrSuw5W0ktB49sj3DE1qICZvyQhqdGP5ixKyXFxpjOFcMfDMtJFBnkaL2xIKCY51zOljpqd6QYWgkdLWxL0w.tSV_n8VHyDtkHZEkbY0gw3vqGT5RguxjhS8VIt6iUxU&dib_tag=se&keywords=dbo180z&qid=1731403021&sr=8-9,Makita DBO481Z 18V Li-ion LXT afwerkingsschuurmachine - batterijen en oplader niet inbegrepen,91,75,DBO481Z,no
amazon,https://www.amazon.nl/Makita-DBO481Z-18V-Li-ion-afwerkingsschuurmachine/dp/B0B87Z9DQ6/ref=sr_1_1?dib=eyJ2IjoiMSJ9.517ZVixZX1GzYjEi55WnlrD2LOsqdgWB8FdGt893MP-pNLVKkgkIdHTL9KTYnIMB.gwowxTi3EJFCw-y-GLIq6aW_ZEm1ABHxMKAux7J5sXA&dib_tag=se&keywords=dbo481z&qid=1731403024&sr=8-1,Makita DBO481Z 18V Li-ion LXT afwerkingsschuurmachine - batterijen en oplader niet inbegrepen,91,75,DBO481Z,no
amazon,https://www.amazon.nl/Makita-DBO481Z-18V-Li-ion-afwerkingsschuurmachine/dp/B0B87Z9DQ6/ref=sr_1_5?dib=eyJ2IjoiMSJ9.pfycfuvR7wO2TOrguOBuUQMAIu2DaP3spc2eCq4e4DIL-qhMqHp10fKCT7JoegOU8x8C8MzdvDxgeBJ5XxFky4dFxAVHVcOKHe7NnVfrRL1wUgO5TiI38gQEwgCVHqPdUhwQ02nGZWc5lE8wKeiURUTbNmXnuWWRqb8SnGZAmonnD-llCmNLT5J1sb_gnnpBtGTxlIdtH_L4W8pzOAqc_NczYIkscHQ9oKHAIyTLWo0e4qZ6pHrGhe7nLVgUhyBa.IZv9yaKdpIVVi5tB5CcXdNbLviFXIwHmlKqldzrkXgE&dib_tag=se&keywords=dbo480z&qid=1731403027&sr=8-5,Makita DBO481Z 18V Li-ion LXT afwerkingsschuurmachine - batterijen en oplader niet inbegrepen,91,75,DBO481Z,no
amazon,https://www.amazon.nl/vervanging-DC18RD-batterij-DTR180ZJ-DDF481RTJ/dp/B0B9BDWWH5/ref=sr_1_14?dib=eyJ2IjoiMSJ9.NjussO4qhlIVfeNvSO_Q2NLfxY0xjMbKqP7iV7vYhY9tCyHt8TVhj94phkWuUrYF8OXQY8AzOyEP9ZgybmAnxFUDqUHR87xrn9WPn00q65olXRlB-q3pQiTO5eUfqqcTHHc8tKeJn7B2eF6UlL8fxn2rFbgwv2InApSBnW4QGP-tMOy_-1tXwTFY7hUjGD0bbcxgzOTle6LaQvH4LDiFZRx4NtaipGVUXWt6QjlP-1oU_LVFSpS2dsAxP2B4w9jYu3hsFHwc2cM24EF_hrlc1eqNSxFNmJeM1DHvoHDYZFs.E6QMxLcW7GHJZJytmlH-CVAqTj1x13y3mu_zmg50Rwg&dib_tag=se&keywords=dtd153z&qid=1731403018&sr=8-14,4A vervanging voor Makita dubbele lader DC18RD met 2 stuks 18V 5000mAh batterij BL1850B voor Makita DTR180ZJ DTD153Z DHR171Z DDF483Z DDF481RTJ DGA511Z DVR450 DHR242Z DJV181Z DMR115 DUC353Z,98,85,DTD153Z,no
amazon,https://www.amazon.nl/vervanging-DC18RD-batterij-DTR180ZJ-DDF481RTJ/dp/B0B9BDWWH5/ref=sr_1_19?dib=eyJ2IjoiMSJ9.QWbg_WqlHMyvNT7f3ffKYfmWIV4N-Osti10iI-jDolgbUkhXABxZsEtf4UhKlhnQqj_dGu368QxBm92_5JFUnExJb7BkAPdW887HNUqX9OC2AzJVlYpYtrR7l8FMgzeFmjkmevcIC1uF5x-U1QANRdqvoWnhFQhNy_XM55COaX5PhaEva4RZyI6HlspusdKxw0EL-X6JDXIvE1HQetv2dD2OJ8P0jWxTUA1AMOUNZNsIb4aJRK3cfwOV3Lgkiv2FCaVk6eMYhqefLEK2Wt9R1A6MTdLfyNZFtspNjz7q6Ts.xUWQszBSv4G8fihhQhTjVWnaVFe0eA4BFyFSGfp1mVM&dib_tag=se&keywords=djv181z&qid=1731403043&sr=8-19,4A vervanging voor Makita dubbele lader DC18RD met 2 stuks 18V 5000mAh batterij BL1850B voor Makita DTR180ZJ DTD153Z DHR171Z DDF483Z DDF481RTJ DGA511Z DVR450 DHR242Z DJV181Z DMR115 DUC353Z,98,85,DTD153Z,no
amazon,https://www.amazon.nl/Makita-DBO480Z-18V-Li-ion-afwerkingsschuurmachine/dp/B0B87YVQFV/ref=sr_1_3?dib=eyJ2IjoiMSJ9.JObkNKVDqQfIKm_UZNB4Nh78hM3jPvuzJGVAP_ewPnlz4tj0AEQ0bEwSsIbyYdPosCUjGvLVSAL-WHO92AnNBpvT1xphf8Qg8HdLUdo_mK0SO_8xGgssT9GwDjKPEjHIbYn2ycaIPT6SITDLs0_KoObnqYFeXPcNKcXE219xX752iAaTfzFTLgjNk567Y4ybXpefEO8VwQDAQ4dV-WBBf2HfrSuw5W0ktB49sj3DE1qICZvyQhqdGP5ixKyXFxpjOFcMfDMtJFBnkaL2xIKCY51zOljpqd6QYWgkdLWxL0w.tSV_n8VHyDtkHZEkbY0gw3vqGT5RguxjhS8VIt6iUxU&dib_tag=se&keywords=dbo180z&qid=1731403021&sr=8-3,Makita DBO480Z 18V Li-ion LXT afwerkingsschuurmachine - batterijen en oplader niet inbegrepen,104,85,DBO480Z,no
amazon,https://www.amazon.nl/Makita-DBO480Z-18V-Li-ion-afwerkingsschuurmachine/dp/B0B87YVQFV/ref=sr_1_1?dib=eyJ2IjoiMSJ9.pfycfuvR7wO2TOrguOBuUQMAIu2DaP3spc2eCq4e4DIL-qhMqHp10fKCT7JoegOU8x8C8MzdvDxgeBJ5XxFky4dFxAVHVcOKHe7NnVfrRL1wUgO5TiI38gQEwgCVHqPdUhwQ02nGZWc5lE8wKeiURUTbNmXnuWWRqb8SnGZAmonnD-llCmNLT5J1sb_gnnpBtGTxlIdtH_L4W8pzOAqc_NczYIkscHQ9oKHAIyTLWo0e4qZ6pHrGhe7nLVgUhyBa.IZv9yaKdpIVVi5tB5CcXdNbLviFXIwHmlKqldzrkXgE&dib_tag=se&keywords=dbo480z&qid=1731403027&sr=8-1,Makita DBO480Z 18V Li-ion LXT afwerkingsschuurmachine - batterijen en oplader niet inbegrepen,104,85,DBO480Z,no
amazon,https://www.amazon.nl/Makita-DTD153Z-brushless-slagschroevendraaier-54/dp/B01LQUIGL2/ref=sr_1_4?dib=eyJ2IjoiMSJ9.koHfrFWL0ifnGjbPWs8jDQAihuS61zF-yfW5H8148ae_xlReRiOCamn3sU-NS8o2BOkSeVvCDWhYzZ8XtT6SSWN1QkEviGQt6Vrx0r-P9tQaj9JtsARC17_P2lVD-lvIvVQ3s3gGCWh9nFcgiwMMh29HIq2TUTXSOFWslYZlN3CMFcFDGVkeGtV7jfQz9RV1L4SCzr2F6VIuQKAln9VUibzj7tX5RL4enVY7g_y-Cb4feZcMvp6ZlTT6G1tDc54VEF8j-p3RtZVjF8VGLENMoU0VNiXNvZqdLhngc2jJwy8.83MyLzQAVIHh4WpsL9HrqGpoxKPOrRNO5EIT131oVXI&dib_tag=se&keywords=dtd172z&qid=1731403015&sr=8-4,"Makita DTD153Z brushless slagschroevendraaier (54 W, 18 V)",107,85,DTD153Z,no
amazon,https://www.amazon.nl/Makita-DTD153Z-brushless-slagschroevendraaier-54/dp/B01LQUIGL2/ref=sr_1_1?dib=eyJ2IjoiMSJ9.NjussO4qhlIVfeNvSO_Q2NLfxY0xjMbKqP7iV7vYhY9tCyHt8TVhj94phkWuUrYF8OXQY8AzOyEP9ZgybmAnxFUDqUHR87xrn9WPn00q65olXRlB-q3pQiTO5eUfqqcTHHc8tKeJn7B2eF6UlL8fxn2rFbgwv2InApSBnW4QGP-tMOy_-1tXwTFY7hUjGD0bbcxgzOTle6LaQvH4LDiFZRx4NtaipGVUXWt6QjlP-1oU_LVFSpS2dsAxP2B4w9jYu3hsFHwc2cM24EF_hrlc1eqNSxFNmJeM1DHvoHDYZFs.E6QMxLcW7GHJZJytmlH-CVAqTj1x13y3mu_zmg50Rwg&dib_tag=se&keywords=dtd153z&qid=1731403018&sr=8-1,"Makita DTD153Z brushless slagschroevendraaier (54 W, 18 V)",107,85,DTD153Z,no
amazon,https://www.amazon.nl/Makita-DDF484Z-Accuboormachine-Zonder-Oplader/dp/B01MXZ45SW/ref=sr_1_1?dib=eyJ2IjoiMSJ9.G39Wn_FrfU9R0Mf25h3AxceInyMWMGnmNgEEw9Hn67FN6SplUEXmV50yv5kOqmyxFMdqNlRZPGt7yHJep78NUZOTByfqoruCh6dKr_lo4rTdmctLYYxj6cHB6PbffOeG_YVPrJKbqqiLcDm8BtVRyVYr1VeyJv4S0czmkAz5A4eMgOK8S-RQPiV4ZLA0SH1YrExMXd1hK73BpkfNXLRqw03C9P1T3L7lYnV5UD34aUdTxUd7kF61gBscAIhDubVEC1SnszQE7XUKaCRCnoGmZD5xXiI7ERQdIsaN2PeeIRM.BlqiVGA9tcPpwJwv2N0b_ohqbnoMzJAUWNCa_eIG1VI&dib_tag=se&keywords=ddf484z&qid=1731403008&sr=8-1,"Makita DDF484Z, Accuboormachine, Zonder Accu/Oplader, 450 W, 18 V, Blauw",114,85,DDF484Z,no
amazon,https://www.amazon.nl/Makita-DGA504Z-lithium-ion-mini-batterijslijper-batterij/dp/B00S6OMGY0/ref=sr_1_2?dib=eyJ2IjoiMSJ9._AVLY-27vuXxo4znwJ1v0wqnw2TJPMfgw6XCetpNxryvh9z3j53GuLQczKplXIcoonzmqxA6khelE3kVVw7fmVYD9SuZmGlW_i2J-qejqDpuS-I2NReOtHbrr0WdVvNzv4p0VvIaiqPJTAJkSbDxUY_ba2zUZ8gy2RTNhfHAJ1s3Ma7IwrhjqG3Qz9Wkdm6Qpul2N_Xw0Frk9OBGfHWdLkVaBqabqX594DZsgK_IFpgnkt0CgQU5hYgLsZZG_QqZHvYmZsiRa5ffvy1j-uWzzFRz-X9smVkRiAidmt6bN5I.DKf1tvD9mN3YRX1LNbcopXTjurBg8vTtCsuu78vrY_0&dib_tag=se&keywords=dga511z&qid=1731403034&sr=8-2,"Makita DGA504Z - 18V lithium-ion 125 mm BL mini-batterijslijper enkele machine zonder lader of batterij Zwart 60 x 450 mm, zwart",117,100,DGA504Z,no
amazon,https://www.amazon.nl/Makita-DGA504Z-lithium-ion-mini-batterijslijper-batterij/dp/B00S6OMGY0/ref=sr_1_1?dib=eyJ2IjoiMSJ9.SnLT38NumzzQ0b0C17Bm5WU-SjIxSuuFliiVjBw0L-THudfEp8W6oZGKMVrULm2gLzBGhtdfYzPWTjgpIrjsESGddy1V4njOtU955rqdDa0bBlGKJ72V2uhfUKKfe63GSZDNvHDdB4lcrIkijoXDcahxBim-ojPsIeSYILEpLZ0IS8RzUWpmdpa-cfbwnNMUTuJND0sl1K-WWxTRa1pcQElG9aoq5J4FInUJpqPnMwlQG0fhtpmqVeLdhDe6Sjy_GzFC53DCkZCZcetbT4yOMRGqDSkbfXT48AiFcqf1TR8.unxnWnxXZeH06QqxQqivbGpaGk6j9-96SVsVcJHIDJ4&dib_tag=se&keywords=dga504z&qid=1731403039&sr=8-1,"Makita DGA504Z - 18V lithium-ion 125 mm BL mini-batterijslijper enkele machine zonder lader of batterij Zwart 60 x 450 mm, zwart",117,100,DGA504Z,no
amazon,https://www.amazon.nl/Makita-DTD153Z-Li-ion-borstelloze-Impact/dp/B01MQJ91LB/ref=sr_1_9?dib=eyJ2IjoiMSJ9.koHfrFWL0ifnGjbPWs8jDQAihuS61zF-yfW5H8148ae_xlReRiOCamn3sU-NS8o2BOkSeVvCDWhYzZ8XtT6SSWN1QkEviGQt6Vrx0r-P9tQaj9JtsARC17_P2lVD-lvIvVQ3s3gGCWh9nFcgiwMMh29HIq2TUTXSOFWslYZlN3CMFcFDGVkeGtV7jfQz9RV1L4SCzr2F6VIuQKAln9VUibzj7tX5RL4enVY7g_y-Cb4feZcMvp6ZlTT6G1tDc54VEF8j-p3RtZVjF8VGLENMoU0VNiXNvZqdLhngc2jJwy8.83MyLzQAVIHh4WpsL9HrqGpoxKPOrRNO5EIT131oVXI&dib_tag=se&keywords=dtd172z&qid=1731403015&sr=8-9,Makita DTD153Z 18V Li-ion borstelloze Impact Driver - Blauw door Makita,123,85,DTD153Z,no
amazon,https://www.amazon.nl/Makita-DTD153Z-Li-ion-borstelloze-Impact/dp/B01MQJ91LB/ref=sr_1_2?dib=eyJ2IjoiMSJ9.NjussO4qhlIVfeNvSO_Q2NLfxY0xjMbKqP7iV7vYhY9tCyHt8TVhj94phkWuUrYF8OXQY8AzOyEP9ZgybmAnxFUDqUHR87xrn9WPn00q65olXRlB-q3pQiTO5eUfqqcTHHc8tKeJn7B2eF6UlL8fxn2rFbgwv2InApSBnW4QGP-tMOy_-1tXwTFY7hUjGD0bbcxgzOTle6LaQvH4LDiFZRx4NtaipGVUXWt6QjlP-1oU_LVFSpS2dsAxP2B4w9jYu3hsFHwc2cM24EF_hrlc1eqNSxFNmJeM1DHvoHDYZFs.E6QMxLcW7GHJZJytmlH-CVAqTj1x13y3mu_zmg50Rwg&dib_tag=se&keywords=dtd153z&qid=1731403018&sr=8-2,Makita DTD153Z 18V Li-ion borstelloze Impact Driver - Blauw door Makita,123,85,DTD153Z,no
amazon,https://www.amazon.nl/Makita-DBO180ZJ-Excentrische-schuurmachine-oplader/dp/B00H3ZWNEQ/ref=sr_1_2?dib=eyJ2IjoiMSJ9.JObkNKVDqQfIKm_UZNB4Nh78hM3jPvuzJGVAP_ewPnlz4tj0AEQ0bEwSsIbyYdPosCUjGvLVSAL-WHO92AnNBpvT1xphf8Qg8HdLUdo_mK0SO_8xGgssT9GwDjKPEjHIbYn2ycaIPT6SITDLs0_KoObnqYFeXPcNKcXE219xX752iAaTfzFTLgjNk567Y4ybXpefEO8VwQDAQ4dV-WBBf2HfrSuw5W0ktB49sj3DE1qICZvyQhqdGP5ixKyXFxpjOFcMfDMtJFBnkaL2xIKCY51zOljpqd6QYWgkdLWxL0w.tSV_n8VHyDtkHZEkbY0gw3vqGT5RguxjhS8VIt6iUxU&dib_tag=se&keywords=dbo180z&qid=1731403021&sr=8-2,"Makita DBO180ZJ Excentrische schuurmachine, 18 V, Makpac, zonder accu en oplader, blauw, zilver, 125 mm",127,105,DBO180ZJ,no
amazon,https://www.amazon.nl/Makita-DBO180ZJ-Excentrische-schuurmachine-oplader/dp/B00H3ZWNEQ/ref=sr_1_fkmr2_2?dib=eyJ2IjoiMSJ9.qAcBqR9DqwmSwPnZw_XxB7iy_e2WccQprSYSdei0wgcqmxjuZ6jNbDfYaKFxDFIC_vHezaoXDg4iG2sJ-EhlDiFxvd0lg1WBNfFNP8NfBSNnDaYOmxifYuiqycjsqR02.t8RungkwPE9cdYeFsaxzkCIbCQi_xCwoD6gDk8afs3A&dib_tag=se&keywords=dbo481z&qid=1731403024&sr=8-2-fkmr2,"Makita DBO180ZJ Excentrische schuurmachine, 18 V, Makpac, zonder accu en oplader, blauw, zilver, 125 mm",127,105,DBO180ZJ,no
amazon,https://www.amazon.nl/Makita-DBO180ZJ-Excentrische-schuurmachine-oplader/dp/B00H3ZWNEQ/ref=sr_1_fkmr1_2?dib=eyJ2IjoiMSJ9._Vtc_DzbLy_1Y-IdqDGKb3c0wFx3hREIVZpY0m_PTFQ2mDzsZ5rZclk5PL4R_WNwzXd4WLKMJ-PO8VlAh1l62Tku_TAzHWIkOxQZWW0AgDgxxYfFTBBmIvCWDUm2j9SF.0wAQqewQYSyXZugvk-vPFsxN_6TUD3qz3Wi0TVysRFA&dib_tag=se&keywords=ds180z&qid=1731403072&sr=8-2-fkmr1,"Makita DBO180ZJ Excentrische schuurmachine, 18 V, Makpac, zonder accu en oplader, blauw, zilver, 125 mm",127,105,DBO180ZJ,no
amazon,https://www.amazon.nl/Makita-DGA511Z-Slijper-Oplader-Turkoois/dp/B079QF54JP/ref=sr_1_1?dib=eyJ2IjoiMSJ9._AVLY-27vuXxo4znwJ1v0wqnw2TJPMfgw6XCetpNxryvh9z3j53GuLQczKplXIcoonzmqxA6khelE3kVVw7fmVYD9SuZmGlW_i2J-qejqDpuS-I2NReOtHbrr0WdVvNzv4p0VvIaiqPJTAJkSbDxUY_ba2zUZ8gy2RTNhfHAJ1s3Ma7IwrhjqG3Qz9Wkdm6Qpul2N_Xw0Frk9OBGfHWdLkVaBqabqX594DZsgK_IFpgnkt0CgQU5hYgLsZZG_QqZHvYmZsiRa5ffvy1j-uWzzFRz-X9smVkRiAidmt6bN5I.DKf1tvD9mN3YRX1LNbcopXTjurBg8vTtCsuu78vrY_0&dib_tag=se&keywords=dga511z&qid=1731403034&sr=8-1,"Makita DGA511Z Haakse Slijper, 18 V (Zonder Accu, Zonder Oplader), Turkoois",142,110,DGA511Z,no
amazon,https://www.amazon.nl/Makita-DGA511Z-Slijper-Oplader-Turkoois/dp/B079QF54JP/ref=sr_1_2?dib=eyJ2IjoiMSJ9.SnLT38NumzzQ0b0C17Bm5WU-SjIxSuuFliiVjBw0L-THudfEp8W6oZGKMVrULm2gLzBGhtdfYzPWTjgpIrjsESGddy1V4njOtU955rqdDa0bBlGKJ72V2uhfUKKfe63GSZDNvHDdB4lcrIkijoXDcahxBim-ojPsIeSYILEpLZ0IS8RzUWpmdpa-cfbwnNMUTuJND0sl1K-WWxTRa1pcQElG9aoq5J4FInUJpqPnMwlQG0fhtpmqVeLdhDe6Sjy_GzFC53DCkZCZcetbT4yOMRGqDSkbfXT48AiFcqf1TR8.unxnWnxXZeH06QqxQqivbGpaGk6j9-96SVsVcJHIDJ4&dib_tag=se&keywords=dga504z&qid=1731403039&sr=8-2,"Makita DGA511Z Haakse Slijper, 18 V (Zonder Accu, Zonder Oplader), Turkoois",142,110,DGA511Z,no
amazon,https://www.amazon.nl/Makita-DGA504Z-Solo-haakse-slijper/dp/B01390HO2E/ref=sr_1_3?dib=eyJ2IjoiMSJ9.SnLT38NumzzQ0b0C17Bm5WU-SjIxSuuFliiVjBw0L-THudfEp8W6oZGKMVrULm2gLzBGhtdfYzPWTjgpIrjsESGddy1V4njOtU955rqdDa0bBlGKJ72V2uhfUKKfe63GSZDNvHDdB4lcrIkijoXDcahxBim-ojPsIeSYILEpLZ0IS8RzUWpmdpa-cfbwnNMUTuJND0sl1K-WWxTRa1pcQElG9aoq5J4FInUJpqPnMwlQG0fhtpmqVeLdhDe6Sjy_GzFC53DCkZCZcetbT4yOMRGqDSkbfXT48AiFcqf1TR8.unxnWnxXZeH06QqxQqivbGpaGk6j9-96SVsVcJHIDJ4&dib_tag=se&keywords=dga504z&qid=1731403039&sr=8-3,Makita DGA504Z Solo haakse slijper 18 V,157,100,DGA504Z,no
amazon,https://www.amazon.nl/Makita-DTD172Z-Li-ion-borstelloze-impactdriver/dp/B09X1ZRJY7/ref=sr_1_1?dib=eyJ2IjoiMSJ9.koHfrFWL0ifnGjbPWs8jDQAihuS61zF-yfW5H8148ae_xlReRiOCamn3sU-NS8o2BOkSeVvCDWhYzZ8XtT6SSWN1QkEviGQt6Vrx0r-P9tQaj9JtsARC17_P2lVD-lvIvVQ3s3gGCWh9nFcgiwMMh29HIq2TUTXSOFWslYZlN3CMFcFDGVkeGtV7jfQz9RV1L4SCzr2F6VIuQKAln9VUibzj7tX5RL4enVY7g_y-Cb4feZcMvp6ZlTT6G1tDc54VEF8j-p3RtZVjF8VGLENMoU0VNiXNvZqdLhngc2jJwy8.83MyLzQAVIHh4WpsL9HrqGpoxKPOrRNO5EIT131oVXI&dib_tag=se&keywords=dtd172z&qid=1731403015&sr=8-1,Makita DTD172Z 18V Li-ion LXT borstelloze impactdriver - batterijen en oplader niet inbegrepen,165,135,DTD172Z,no
amazon,https://www.amazon.nl/Makita-DTD172Z-Li-ion-borstelloze-impactdriver/dp/B09X1ZRJY7/ref=sr_1_4?dib=eyJ2IjoiMSJ9.NjussO4qhlIVfeNvSO_Q2NLfxY0xjMbKqP7iV7vYhY9tCyHt8TVhj94phkWuUrYF8OXQY8AzOyEP9ZgybmAnxFUDqUHR87xrn9WPn00q65olXRlB-q3pQiTO5eUfqqcTHHc8tKeJn7B2eF6UlL8fxn2rFbgwv2InApSBnW4QGP-tMOy_-1tXwTFY7hUjGD0bbcxgzOTle6LaQvH4LDiFZRx4NtaipGVUXWt6QjlP-1oU_LVFSpS2dsAxP2B4w9jYu3hsFHwc2cM24EF_hrlc1eqNSxFNmJeM1DHvoHDYZFs.E6QMxLcW7GHJZJytmlH-CVAqTj1x13y3mu_zmg50Rwg&dib_tag=se&keywords=dtd153z&qid=1731403018&sr=8-4,Makita DTD172Z 18V Li-ion LXT borstelloze impactdriver - batterijen en oplader niet inbegrepen,165,135,DTD172Z,no
amazon,https://www.amazon.nl/Makita-Originele-BL1850B-batterij-DJR183Z/dp/B07SZCPHH4/ref=sr_1_11?dib=eyJ2IjoiMSJ9.QWbg_WqlHMyvNT7f3ffKYfmWIV4N-Osti10iI-jDolgbUkhXABxZsEtf4UhKlhnQqj_dGu368QxBm92_5JFUnExJb7BkAPdW887HNUqX9OC2AzJVlYpYtrR7l8FMgzeFmjkmevcIC1uF5x-U1QANRdqvoWnhFQhNy_XM55COaX5PhaEva4RZyI6HlspusdKxw0EL-X6JDXIvE1HQetv2dD2OJ8P0jWxTUA1AMOUNZNsIb4aJRK3cfwOV3Lgkiv2FCaVk6eMYhqefLEK2Wt9R1A6MTdLfyNZFtspNjz7q6Ts.xUWQszBSv4G8fihhQhTjVWnaVFe0eA4BFyFSGfp1mVM&dib_tag=se&keywords=djv181z&qid=1731403043&sr=8-11,"Makita Originele BL1850B 18V 5.0Ah batterij Twin Pack voor Makita DJR183Z, DJR185Z, DJV180Z, DJV181Z, DSS610Z, DSS611Z, DTD152Z, DTD154Z, DTM50Z, DTM51Z",171,150,DJV181Z,no
amazon,https://www.amazon.nl/makita-DHP486Z-slagboorschroevendraaier-zonder-oplader/dp/B099NSX8MN/ref=sr_1_1?dib=eyJ2IjoiMSJ9.qCuaPYJnEAw7nnDkB-nMsvtygffh80K_C5TPga4s1FBIASI8efKC2JCkQKl31yqt4icWpdbWZcbZi2zMTum6GMxSqMr8dt820xjbo2JLBJT22GfQ3tX5dsGyhlSiPbohwC0xHYh8jvLsz5pRkLEYj3VVFg1-aSFW_73JP__tO8QyCGlscZkEGZcL86fnL_mxrWUgxOjb-JpJKr0O6gsztLsoPO-VM6JKM3AweWjfvfuMOwrZweg05GWtLVhs8avnXSHNG50lP-s3tK7AlcAg2CCd_YGNQivdaisVuDtfasE.JCUohw6A2tMgd3JiT6baXVAeXAz9hz7-T5jdVMW5iuc&dib_tag=se&keywords=dhp486z&qid=1731403011&sr=8-1,"makita DHP486Z slagboorschroevendraaier 18V (zonder accu, zonder oplader)",203,160,DHP486Z,no
amazon,https://www.amazon.nl/Makita-DJV181Z-Accu-pendeldecoupeerzaag-zonder-oplader/dp/B00M215JBK/ref=sr_1_1?dib=eyJ2IjoiMSJ9.QWbg_WqlHMyvNT7f3ffKYfmWIV4N-Osti10iI-jDolgbUkhXABxZsEtf4UhKlhnQqj_dGu368QxBm92_5JFUnExJb7BkAPdW887HNUqX9OC2AzJVlYpYtrR7l8FMgzeFmjkmevcIC1uF5x-U1QANRdqvoWnhFQhNy_XM55COaX5PhaEva4RZyI6HlspusdKxw0EL-X6JDXIvE1HQetv2dD2OJ8P0jWxTUA1AMOUNZNsIb4aJRK3cfwOV3Lgkiv2FCaVk6eMYhqefLEK2Wt9R1A6MTdLfyNZFtspNjz7q6Ts.xUWQszBSv4G8fihhQhTjVWnaVFe0eA4BFyFSGfp1mVM&dib_tag=se&keywords=djv181z&qid=1731403043&sr=8-1,"Makita DJV181Z Accu-pendeldecoupeerzaag 18 V (zonder accu, zonder oplader)",211,150,DJV181Z,no
amazon,https://www.amazon.nl/Makita-Accu-pendeldecoupeerzaag-65004-006-6-Water-koppelingssysteem-verchroomd/dp/B0CNWV5FC8/ref=sr_1_8?dib=eyJ2IjoiMSJ9.QWbg_WqlHMyvNT7f3ffKYfmWIV4N-Osti10iI-jDolgbUkhXABxZsEtf4UhKlhnQqj_dGu368QxBm92_5JFUnExJb7BkAPdW887HNUqX9OC2AzJVlYpYtrR7l8FMgzeFmjkmevcIC1uF5x-U1QANRdqvoWnhFQhNy_XM55COaX5PhaEva4RZyI6HlspusdKxw0EL-X6JDXIvE1HQetv2dD2OJ8P0jWxTUA1AMOUNZNsIb4aJRK3cfwOV3Lgkiv2FCaVk6eMYhqefLEK2Wt9R1A6MTdLfyNZFtspNjz7q6Ts.xUWQszBSv4G8fihhQhTjVWnaVFe0eA4BFyFSGfp1mVM&dib_tag=se&keywords=djv181z&qid=1731403043&sr=8-8,"Makita DJV181Z Accu-pendeldecoupeerzaag 18 V (zonder accu, zonder oplader) & ABA Beul 65004.006.6 Water-koppelingssysteem 3/4, verchroomd",222,150,DJV181Z,no
amazon,https://www.amazon.nl/Makita-DJV181Z-Accu-pendeldecoupeerzaag-oplader-striptang/dp/B0CVX17DKS/ref=sr_1_9?dib=eyJ2IjoiMSJ9.QWbg_WqlHMyvNT7f3ffKYfmWIV4N-Osti10iI-jDolgbUkhXABxZsEtf4UhKlhnQqj_dGu368QxBm92_5JFUnExJb7BkAPdW887HNUqX9OC2AzJVlYpYtrR7l8FMgzeFmjkmevcIC1uF5x-U1QANRdqvoWnhFQhNy_XM55COaX5PhaEva4RZyI6HlspusdKxw0EL-X6JDXIvE1HQetv2dD2OJ8P0jWxTUA1AMOUNZNsIb4aJRK3cfwOV3Lgkiv2FCaVk6eMYhqefLEK2Wt9R1A6MTdLfyNZFtspNjz7q6Ts.xUWQszBSv4G8fihhQhTjVWnaVFe0eA4BFyFSGfp1mVM&dib_tag=se&keywords=djv181z&qid=1731403043&sr=8-9,"Makita DJV181Z Accu-pendeldecoupeerzaag 18 V (zonder accu, zonder oplader) & JOKARI 20050 striptang Super 4 plus",225,150,DJV181Z,no
amazon,https://www.amazon.nl/Makita-DJV181Z-Accu-pendeldecoupeerzaag-Decoupeerzaagblad-Assortiment/dp/B0BXJSBSRM/ref=sr_1_6?dib=eyJ2IjoiMSJ9.QWbg_WqlHMyvNT7f3ffKYfmWIV4N-Osti10iI-jDolgbUkhXABxZsEtf4UhKlhnQqj_dGu368QxBm92_5JFUnExJb7BkAPdW887HNUqX9OC2AzJVlYpYtrR7l8FMgzeFmjkmevcIC1uF5x-U1QANRdqvoWnhFQhNy_XM55COaX5PhaEva4RZyI6HlspusdKxw0EL-X6JDXIvE1HQetv2dD2OJ8P0jWxTUA1AMOUNZNsIb4aJRK3cfwOV3Lgkiv2FCaVk6eMYhqefLEK2Wt9R1A6MTdLfyNZFtspNjz7q6Ts.xUWQszBSv4G8fihhQhTjVWnaVFe0eA4BFyFSGfp1mVM&dib_tag=se&keywords=djv181z&qid=1731403043&sr=8-6,"Makita DJV181Z Accu-pendeldecoupeerzaag 18 V (zonder accu, zonder oplader) & Makita B-44410 Decoupeerzaagblad Assortiment A",226,150,DJV181Z,no
amazon,https://www.amazon.nl/Makita-DJV181ZJ-power-jigsaw-2-4/dp/B012S0ZPSG/ref=sr_1_13?dib=eyJ2IjoiMSJ9.QWbg_WqlHMyvNT7f3ffKYfmWIV4N-Osti10iI-jDolgbUkhXABxZsEtf4UhKlhnQqj_dGu368QxBm92_5JFUnExJb7BkAPdW887HNUqX9OC2AzJVlYpYtrR7l8FMgzeFmjkmevcIC1uF5x-U1QANRdqvoWnhFQhNy_XM55COaX5PhaEva4RZyI6HlspusdKxw0EL-X6JDXIvE1HQetv2dD2OJ8P0jWxTUA1AMOUNZNsIb4aJRK3cfwOV3Lgkiv2FCaVk6eMYhqefLEK2Wt9R1A6MTdLfyNZFtspNjz7q6Ts.xUWQszBSv4G8fihhQhTjVWnaVFe0eA4BFyFSGfp1mVM&dib_tag=se&keywords=djv181z&qid=1731403043&sr=8-13,"Makita DJV181ZJ power jigsaw 2.4 kg - Makita DJV181ZJ, Battery, Lithium-Ion (Li-Ion), 14.4 V, 3 Ah, 2.4 kg, 280 mm",226,180,DJV181ZJ,no
amazon,https://www.amazon.nl/Makita-DGA504Z-haakse-slijper-BL1850B/dp/B0C1S75HH4/ref=sr_1_6?dib=eyJ2IjoiMSJ9.SnLT38NumzzQ0b0C17Bm5WU-SjIxSuuFliiVjBw0L-THudfEp8W6oZGKMVrULm2gLzBGhtdfYzPWTjgpIrjsESGddy1V4njOtU955rqdDa0bBlGKJ72V2uhfUKKfe63GSZDNvHDdB4lcrIkijoXDcahxBim-ojPsIeSYILEpLZ0IS8RzUWpmdpa-cfbwnNMUTuJND0sl1K-WWxTRa1pcQElG9aoq5J4FInUJpqPnMwlQG0fhtpmqVeLdhDe6Sjy_GzFC53DCkZCZcetbT4yOMRGqDSkbfXT48AiFcqf1TR8.unxnWnxXZeH06QqxQqivbGpaGk6j9-96SVsVcJHIDJ4&dib_tag=se&keywords=dga504z&qid=1731403039&sr=8-6,Makita DGA504Z haakse slijper 125mm LXT 18V + 1x BL1850B,259,100,DGA504Z,no
amazon,https://www.amazon.nl/Shark-haardroger-concentrator-opbergdoos-HD446SLEU/dp/B0D2J7WZ5X/ref=sr_1_3?dib=eyJ2IjoiMSJ9.Wbq3fBS1t9v87kVWY_tRbgBLYgaVm-TvtkDg0IXE2xCbbDXcMk7j_fi40fD2PTxUOhIWSGJZ9vr_MScXrrcXH2rSVKy4EZ02iTPVfjuRtgruRnN0_3S6K6JhW9M-5JMFG43aUUt7gD8IbjJzw8YCIiDeuRmjwsCmgAjTKl8DcJ5whv0fcXFEyETC5qAbDl_F1Guf0HYREjVg2pfcXg24Y1q4Ets6haOUvtaM3MAPeQcz8a4HrdD6Ru7_JmBtR9wIz8B9ABIeep5d6I7CtPwtLUL6Yy8ZBIG_k9x8iu58W3E.1sDp3lecprFSgkbRH5WgivUha-_OX2_6FRZDBYk0Tbw&dib_tag=se&keywords=shark+flexstyle+5-in-1&qid=1731403091&sr=8-3,"Shark FlexStyle 5-in-1 Air Styler & haardroger, auto-wrap krullen, platte borstel, ovale borstel, concentrator, diffuser, opbergdoos, zonder thermische schade, champagne HD446SLEU",269,160,Shark FlexStyle 5-in-1,no
amazon,https://www.amazon.nl/Makita-DRT50ZJX2-Multifunctionele-Inclusief-Freesmodules/dp/B078K5K75W/ref=sr_1_1?dib=eyJ2IjoiMSJ9.JyUp0aqBiJuOy6REEv8gyYcuFZyQlUIAyvwplBgcA0VUFJhvDNPwIfjqaOsEDscUUgKJiV0uhVSgAEtF0tyGN75avxINOWPczlhOmAR-LdwABtZhL_mv8SVX1ioGqCuwTXcrDTK7z2zuqgZmYfeNfkGDJ3FiE3F1GT9tzXUm1jElq6Hg_ibufy12slTj3OlY.2lgodZQrKZ4FAC2TQbWS5XKSP6Ppfso8IsU2EfVXfaE&dib_tag=se&keywords=DRT50ZJX9&qid=1731403068&sr=8-1,"Makita DRT50ZJX2 Multifunctionele Frees, 18,0 V, 800 W, Inclusief 3 Freesmodules in Makpac, Zonder Accu, Zonder Oplader, Blauw",277,220,DRT50ZJX2,no
amazon,https://www.amazon.nl/Makita-DRT50ZJX2-Multifunctionele-Inclusief-Freesmodules/dp/B078K5K75W/ref=sr_1_2?dib=eyJ2IjoiMSJ9.zTCGC7RVRivz8l9aHtPs8Hb4hIvmPO4HgwPpvGl5qpFpiuAB0w6KPugU1FifH-Qj5I2kuLChmHk65izIdcoZI3tpbdL_IYgxYufYur94MlqU_D8BZly-dDwPTKgdOs1Sed9CCea5Jpd9Dd5-yS8cJ99q2iCxC37KtUhj7pVSgRYqcjHLv33HIbaJSfEK7gay.-uvQCpr7IIRNVfC286wQLXX8sZmdx4VnF3bVG0e6O9w&dib_tag=se&keywords=DR50ZJX2&qid=1731403070&sr=8-2,"Makita DRT50ZJX2 Multifunctionele Frees, 18,0 V, 800 W, Inclusief 3 Freesmodules in Makpac, Zonder Accu, Zonder Oplader, Blauw",277,220,DRT50ZJX2,no
amazon,https://www.amazon.nl/Makita-DHS661ZJU/dp/B071LG9WYC/ref=sr_1_1?dib=eyJ2IjoiMSJ9.2gWzJq7AdyYJI1_crUfV3mdOPMfjkDki79b5jV2eGUtS18BXp35q4BZQlWBG3UOEi7RvDkG3fBRlYnBuSWYX7A5QgYLkOIG9IwZ1B8BR2q0.wtjrRe40rRrlygLLRHo-R9D4PliE-3msgupDFBQIM_M&dib_tag=se&keywords=DHS661ZJU&qid=1731403046&sr=8-1,DHS661ZJU,306,250,DHS661ZJU,no
amazon,https://www.amazon.nl/Kapp-Gehrungss%C3%A4ge-LS1110F-260mm-1-450/dp/B0CWBTY1GP/ref=sr_1_1?dib=eyJ2IjoiMSJ9.BZF124bRhDQqWaD_n3lVQ16lkL6dB4dG0KRA9kJW-o7AXYdgdaCvrGp2VIbIX3TNneJi3XrCYxlyJV91ZhPQ7mXH85_-hblJSn4zH_JGquw.ug-qli-_LBFJR-OyhtmMfaCow4E6ktg9BMMdRRcb2TA&dib_tag=se&keywords=LS1110F&qid=1731403083&sr=8-1,"Kapp-und Gehrungssäge LS1110F, 260mm (blau, 1.450 Watt)",335,240,LS1110F,no
amazon,https://www.amazon.nl/Shark-automatische-wikkelkrulspelden-peddelborstel-HD440SLUK/dp/B0CL7KK1F3/ref=sr_1_2?dib=eyJ2IjoiMSJ9.Wbq3fBS1t9v87kVWY_tRbgBLYgaVm-TvtkDg0IXE2xCbbDXcMk7j_fi40fD2PTxUOhIWSGJZ9vr_MScXrrcXH2rSVKy4EZ02iTPVfjuRtgruRnN0_3S6K6JhW9M-5JMFG43aUUt7gD8IbjJzw8YCIiDeuRmjwsCmgAjTKl8DcJ5whv0fcXFEyETC5qAbDl_F1Guf0HYREjVg2pfcXg24Y1q4Ets6haOUvtaM3MAPeQcz8a4HrdD6Ru7_JmBtR9wIz8B9ABIeep5d6I7CtPwtLUL6Yy8ZBIG_k9x8iu58W3E.1sDp3lecprFSgkbRH5WgivUha-_OX2_6FRZDBYk0Tbw&dib_tag=se&keywords=shark+flexstyle+5-in-1&qid=1731403091&sr=8-2,"Shark FlexStyle 5-in-1 Airstyler & föhn met automatische wikkelkrulspelden, peddelborstel, ovale borstel, concentrator, diffuser en opbergkoffer, geen warmteschade, steen HD440SLUK",345,160,Shark FlexStyle 5-in-1,no
amazon,https://www.amazon.nl/Makita-DTD172RTJ-Accu-slagmoersleutel-oplader-Makpac/dp/B0BCK16P4C/ref=sr_1_3?dib=eyJ2IjoiMSJ9.koHfrFWL0ifnGjbPWs8jDQAihuS61zF-yfW5H8148ae_xlReRiOCamn3sU-NS8o2BOkSeVvCDWhYzZ8XtT6SSWN1QkEviGQt6Vrx0r-P9tQaj9JtsARC17_P2lVD-lvIvVQ3s3gGCWh9nFcgiwMMh29HIq2TUTXSOFWslYZlN3CMFcFDGVkeGtV7jfQz9RV1L4SCzr2F6VIuQKAln9VUibzj7tX5RL4enVY7g_y-Cb4feZcMvp6ZlTT6G1tDc54VEF8j-p3RtZVjF8VGLENMoU0VNiXNvZqdLhngc2jJwy8.83MyLzQAVIHh4WpsL9HrqGpoxKPOrRNO5EIT131oVXI&dib_tag=se&keywords=dtd172z&qid=1731403015&sr=8-3,"Makita DTD172RTJ Accu-slagmoersleutel, 18 V/5,0 Ah, 2 accu's + oplader in Makpac petrol/zwart",379,280,DTD172RTJ,no
amazon,https://www.amazon.nl/Makita-DTD172RTJ-Accu-slagmoersleutel-oplader-Makpac/dp/B0BCK16P4C/ref=sr_1_23?dib=eyJ2IjoiMSJ9.NjussO4qhlIVfeNvSO_Q2NLfxY0xjMbKqP7iV7vYhY9tCyHt8TVhj94phkWuUrYF8OXQY8AzOyEP9ZgybmAnxFUDqUHR87xrn9WPn00q65olXRlB-q3pQiTO5eUfqqcTHHc8tKeJn7B2eF6UlL8fxn2rFbgwv2InApSBnW4QGP-tMOy_-1tXwTFY7hUjGD0bbcxgzOTle6LaQvH4LDiFZRx4NtaipGVUXWt6QjlP-1oU_LVFSpS2dsAxP2B4w9jYu3hsFHwc2cM24EF_hrlc1eqNSxFNmJeM1DHvoHDYZFs.E6QMxLcW7GHJZJytmlH-CVAqTj1x13y3mu_zmg50Rwg&dib_tag=se&keywords=dtd153z&qid=1731403018&sr=8-23,"Makita DTD172RTJ Accu-slagmoersleutel, 18 V/5,0 Ah, 2 accu's + oplader in Makpac petrol/zwart",379,280,DTD172RTJ,no
amazon,https://www.amazon.nl/Cirkelzaag-voor-onderdompeling-1300-199141-8/dp/B01F5MYLZM/ref=sr_1_6?dib=eyJ2IjoiMSJ9.KafM-Gy6OPvE_k6aYHsM6ryIRRdU6Nh8jr-NYI4IqJYlvQJbbwRi-RyQSF3OnxJDBvttsc9q3VYtvJj1SnXuT5EqKOVgbst7_YHDb5XmqUk.WYI1KPx4wcwDeAfiD1VLpqnWOXJLwaN6fH78G5K1-z4&dib_tag=se&keywords=199141-8&qid=1731403053&sr=8-6,"Cirkelzaag voor onderdompeling, 165 mm, 1300 W+199141-8",410,35,199141-8,no
amazon,https://www.amazon.nl/Makita-DJV181RTJ-Decoupeerzaag/dp/B07FX8HWVM/ref=sr_1_14?dib=eyJ2IjoiMSJ9.QWbg_WqlHMyvNT7f3ffKYfmWIV4N-Osti10iI-jDolgbUkhXABxZsEtf4UhKlhnQqj_dGu368QxBm92_5JFUnExJb7BkAPdW887HNUqX9OC2AzJVlYpYtrR7l8FMgzeFmjkmevcIC1uF5x-U1QANRdqvoWnhFQhNy_XM55COaX5PhaEva4RZyI6HlspusdKxw0EL-X6JDXIvE1HQetv2dD2OJ8P0jWxTUA1AMOUNZNsIb4aJRK3cfwOV3Lgkiv2FCaVk6eMYhqefLEK2Wt9R1A6MTdLfyNZFtspNjz7q6Ts.xUWQszBSv4G8fihhQhTjVWnaVFe0eA4BFyFSGfp1mVM&dib_tag=se&keywords=djv181z&qid=1731403043&sr=8-14,Makita DJV181RTJ Decoupeerzaag,423,320,DJV181RTJ,no
amazon,https://www.amazon.nl/MAKITA-Maki-stofzuiger-VC3012M-klasse/dp/B01JP7BOTE/ref=sr_1_1?dib=eyJ2IjoiMSJ9.tI-86xb67RZbDaua3EP_L215hv18_k6BjKNTLD-y7KRAStdt-ZzB3cYxLC9vwn6QrPWDx6QfOuh8UJ2Dzvs-4enprRWUCFppmqKYuFQMgOJxChkt-awgl_64WF2JiLAZt1FoYk9vKeYW7c5moskat8vqz-ycjzxi0g3gQmNDaRlCzENqeh51Wu3HcRrG0AAapiyJuvDpVciZuaQcl2MYwWfurkOCWLsGzsYcGFkqqnyekbI1aAjN3QrQC6YTWouVJv8RoBELmnZEe6ceZVpgQpXpcmYYO0wxWEVL6_6k4to.XUXAbkARI1rH7-4pua6iXWyoEYYgJhXoBrZTVapiY58&dib_tag=se&keywords=VC3012&qid=1731403030&sr=8-1,"MAKITA Maki stofzuiger VC3012M klasse M, 30 l | VC3012M",513,400,VC3012M,no
amazon,https://www.amazon.nl/Makita-Combo-DTD153Z-DHP486Z-MakPac/dp/B09VKY6GHF/ref=sr_1_13?dib=eyJ2IjoiMSJ9.qCuaPYJnEAw7nnDkB-nMsvtygffh80K_C5TPga4s1FBIASI8efKC2JCkQKl31yqt4icWpdbWZcbZi2zMTum6GMxSqMr8dt820xjbo2JLBJT22GfQ3tX5dsGyhlSiPbohwC0xHYh8jvLsz5pRkLEYj3VVFg1-aSFW_73JP__tO8QyCGlscZkEGZcL86fnL_mxrWUgxOjb-JpJKr0O6gsztLsoPO-VM6JKM3AweWjfvfuMOwrZweg05GWtLVhs8avnXSHNG50lP-s3tK7AlcAg2CCd_YGNQivdaisVuDtfasE.JCUohw6A2tMgd3JiT6baXVAeXAz9hz7-T5jdVMW5iuc&dib_tag=se&keywords=dhp486z&qid=1731403011&sr=8-13,Makita Combo DTD153Z+DHP486Z BL 18V LXT 5Ah 3 Bat. MakPac merk,601,160,DHP486Z,no
amazon,https://www.amazon.nl/Makita-Combo-DTD153Z-DHP486Z-MakPac/dp/B09VKY6GHF/ref=sr_1_5?dib=eyJ2IjoiMSJ9.NjussO4qhlIVfeNvSO_Q2NLfxY0xjMbKqP7iV7vYhY9tCyHt8TVhj94phkWuUrYF8OXQY8AzOyEP9ZgybmAnxFUDqUHR87xrn9WPn00q65olXRlB-q3pQiTO5eUfqqcTHHc8tKeJn7B2eF6UlL8fxn2rFbgwv2InApSBnW4QGP-tMOy_-1tXwTFY7hUjGD0bbcxgzOTle6LaQvH4LDiFZRx4NtaipGVUXWt6QjlP-1oU_LVFSpS2dsAxP2B4w9jYu3hsFHwc2cM24EF_hrlc1eqNSxFNmJeM1DHvoHDYZFs.E6QMxLcW7GHJZJytmlH-CVAqTj1x13y3mu_zmg50Rwg&dib_tag=se&keywords=dtd153z&qid=1731403018&sr=8-5,Makita Combo DTD153Z+DHP486Z BL 18V LXT 5Ah 3 Bat. MakPac merk,601,160,DHP486Z,no
amazon,https://www.amazon.nl/Makita-DLX2125TJ1-DGA504Z-DHR243Z-BL1850Bx2/dp/B01FS4QCZ4/ref=sr_1_15?dib=eyJ2IjoiMSJ9.SnLT38NumzzQ0b0C17Bm5WU-SjIxSuuFliiVjBw0L-THudfEp8W6oZGKMVrULm2gLzBGhtdfYzPWTjgpIrjsESGddy1V4njOtU955rqdDa0bBlGKJ72V2uhfUKKfe63GSZDNvHDdB4lcrIkijoXDcahxBim-ojPsIeSYILEpLZ0IS8RzUWpmdpa-cfbwnNMUTuJND0sl1K-WWxTRa1pcQElG9aoq5J4FInUJpqPnMwlQG0fhtpmqVeLdhDe6Sjy_GzFC53DCkZCZcetbT4yOMRGqDSkbfXT48AiFcqf1TR8.unxnWnxXZeH06QqxQqivbGpaGk6j9-96SVsVcJHIDJ4&dib_tag=se&keywords=dga504z&qid=1731403039&sr=8-15,"Makita DLX2125TJ1 Combo Kit DGA504Z+DHR243Z+DC18RC+BL1850Bx2, 18 V, 5,0 Ah, 18 W, 18 V, zwart",685,100,DGA504Z,no
amazon,https://www.amazon.nl/Makita-DLX2413TJ-DGA504Z-BL1850Bx2-accuspanning/dp/B0BHDFSBY3/ref=sr_1_12?dib=eyJ2IjoiMSJ9.qCuaPYJnEAw7nnDkB-nMsvtygffh80K_C5TPga4s1FBIASI8efKC2JCkQKl31yqt4icWpdbWZcbZi2zMTum6GMxSqMr8dt820xjbo2JLBJT22GfQ3tX5dsGyhlSiPbohwC0xHYh8jvLsz5pRkLEYj3VVFg1-aSFW_73JP__tO8QyCGlscZkEGZcL86fnL_mxrWUgxOjb-JpJKr0O6gsztLsoPO-VM6JKM3AweWjfvfuMOwrZweg05GWtLVhs8avnXSHNG50lP-s3tK7AlcAg2CCd_YGNQivdaisVuDtfasE.JCUohw6A2tMgd3JiT6baXVAeXAz9hz7-T5jdVMW5iuc&dib_tag=se&keywords=dhp486z&qid=1731403011&sr=8-12,"Makita DLX2413TJ DGA504Z/DHP486Z/BL1850Bx2 Combo Kit, LXT Type, 5,0 Ah, 18 V accuspanning",823,160,DHP486Z,no
toolsvoordelig,https://www.toolsvoordelig.nl/bretels-e-05402.html?id=281148135,Bretels - E-05402,"24,64",15,E-05402,no
toolsvoordelig,https://www.toolsvoordelig.nl/dcl282fzb-18-v-stofzuiger.html?id=237478925,DCL282FZB 18 V Stofzuiger,"68,82",55,DCL282FZB,no
toolsvoordelig,https://www.toolsvoordelig.nl/ld030p-afstandmeter-ld030p.html?id=229344279,LD030P Afstandmeter - LD030P,"74,89",55,LD030P,no
toolsvoordelig,https://www.toolsvoordelig.nl/18-v-accu-boor-schroefmachine.html?id=107740058,DDF484ZJ 18 V Boor-/schroefmachine,"118,89",95,DDF484ZJ,no
toolsvoordelig,https://www.toolsvoordelig.nl/ddf484z-18-v-boor-schroefmachine.html?id=225812466,DDF484Z 18 V Boor-/schroefmachine,"122,69",85,DDF484Z,no
toolsvoordelig,https://www.toolsvoordelig.nl/dtd153z-18-v-slagschroevendraaier.html?id=225812486,DTD153Z 18 V Slagschroevendraaier,"128,49",85,DTD153Z,no
toolsvoordelig,https://www.toolsvoordelig.nl/dcl282fz-18-v-stofzuiger.html?id=221003537,DCL282FZ 18 V Stofzuiger,"143,63",45,DCL282FZ,no
toolsvoordelig,https://www.toolsvoordelig.nl/dbo180z-18-v-excenter-schuurmachine.html?id=261891884,DBO180Z 18 V Excenter schuurmachine,"144,29",75,DBO180Z,no
toolsvoordelig,https://www.toolsvoordelig.nl/makita-dtd153zj-18-v-slagschroevendraaier.html?id=122196347,DTD153ZJ 18 V Slagschroevendraaier,"150,09",105,DTD153ZJ,no
toolsvoordelig,https://www.toolsvoordelig.nl/das180z-18-v-blaas-en-zuigmachine.html?id=284236863,DAS180Z 18 V Blaas- en zuigmachine,"151,49",115,DAS180Z,no
toolsvoordelig,https://www.toolsvoordelig.nl/makita-dbo180zj-18-v-excenter-schuurmachine.html?id=14265631,DBO180ZJ 18 V Excenter schuurmachine,"158,89",105,DBO180ZJ,no
toolsvoordelig,https://www.toolsvoordelig.nl/dga504z-18-v-haakse-slijper-125-mm-112104566.html?id=225955506,DGA504Z 18 V Haakse slijper 125 mm,"158,99",100,DGA504Z,no
toolsvoordelig,https://www.toolsvoordelig.nl/makita-dcl282fzcb-18-v-steelstofzuiger.html?id=250881388,DCL282FZCB 18 V Steelstofzuiger zwart,"171,34",45,DCL282FZ,no
toolsvoordelig,https://www.toolsvoordelig.nl/dga504rtj-18v-haakse-slijper-copy.html?id=133570499,DGA504ZJ 18V Haakse slijper,"174,69",120,DGA504ZJ,no
toolsvoordelig,https://www.toolsvoordelig.nl/dga511zj-18-v-haakse-slijper-125-mm.html?id=221003650,DGA511ZJ 18 V Haakse slijper 125 mm,"201,29",150,DGA511ZJ,no
toolsvoordelig,https://www.toolsvoordelig.nl/dtd172z-18-v-slagschroevendraaier.html?id=270966085,DTD172Z 18 V Slagschroevendraaier,"203,39",135,DTD172Z,no
toolsvoordelig,https://www.toolsvoordelig.nl/dhp486z-18v-klopboor-schroefmachine.html?id=246416609,DHP486Z 18V (Klop)boor-/schroefmachine,"211,99",160,DHP486Z,no
toolsvoordelig,https://www.toolsvoordelig.nl/dtd172zj-18-v-slagschroevendraaier.html?id=271115190,DTD172ZJ 18 V Slagschroevendraaier,"221,33",165,DTD172ZJ,no
toolsvoordelig,https://www.toolsvoordelig.nl/dhp486zj-18-v-klopboor-schroefmachine.html?id=250881407,DHP486ZJ 18 V Klopboor-/schroefmachine,"225,59",175,DHP486ZJ,no
toolsvoordelig,https://www.toolsvoordelig.nl/makita-djv181zj-18-v-decoupeerzaag-t-model.html?id=14264373,DJV181ZJ 18 V Decoupeerzaag T-model,"249,39",180,DJV181ZJ,no
toolsvoordelig,https://www.toolsvoordelig.nl/makita-ddf484rtj-18v-boor-schroefmachine.html?id=122183066,DDF484RTJ 18V Boor-/schroefmachine,"283,49",225,DDF484RTJ,no
toolsvoordelig,https://www.toolsvoordelig.nl/makita-drt50zjx2-18-v-boven-en-kantenfrees.html?id=122477933,DRT50ZJX2 18 V Boven- en kantenfrees,"287,59",220,DRT50ZJX2,no
toolsvoordelig,https://www.toolsvoordelig.nl/dtm52zjx2-18v-multitool.html?id=261896338,DTM52ZJX2 18V Multitool,"304,90",240,DTM52ZJX2,no
toolsvoordelig,https://www.toolsvoordelig.nl/ls1110f-230v-radiaal-afkortzaag-260mm.html?id=296279685,LS1110F 230V Radiaal Afkortzaag 260mm,"309,38",240,LS1110F,no
toolsvoordelig,https://www.toolsvoordelig.nl/dtd153rtj-18-v-slagschroevendraaier.html?id=289428146,DTD153RTJ 18 V Slagschroevendraaier,"395,09",250,DTD153RTJ,no
toolsvoordelig,https://www.toolsvoordelig.nl/dhs783zju-2x18-v-cirkelzaag-190-mm.html?id=221003800,DHS783ZJU 2x18 V Cirkelzaag 190 mm,"404,89",325,DHS783ZJU,no
toolsvoordelig,https://www.toolsvoordelig.nl/vc3012l-230-v-stofzuiger-l-klasse.html?id=221003927,VC3012L 230 V Stofzuiger L-klasse,"411,79",320,VC3012L,no
toolsvoordelig,https://www.toolsvoordelig.nl/makita-dga504rtj-18v-haakse-slijper.html?id=122183966,DGA504RTJ 18V Haakse slijper,"411,79",270,DGA504RTJ,no
toolsvoordelig,https://www.toolsvoordelig.nl/dhp486rtj-18-v-klopboor-schroefmachine.html?id=250881401,DHP486RTJ 18 V Klopboor-/schroefmachine,"458,69",325,DHP486RTJ,no
toolsvoordelig,https://www.toolsvoordelig.nl/makita-djv181rtj-18-v-decoupeerzaag-t-model.html?id=123048455,DJV181RTJ 18 V Decoupeerzaag T-model,"468,09",320,DJV181RTJ,no
toolsvoordelig,https://www.toolsvoordelig.nl/vc3012m-230-v-stofzuiger-m-klasse.html?id=221003928,VC3012M 230 V Stofzuiger M-klasse,"514,79",400,VC3012M,no
toolsvoordelig,https://www.toolsvoordelig.nl/dls111zu-2x18-v-radiaal-afkortzaag-260-mm.html?id=221003779,DLS111ZU 2x18 V Radiaal afkortzaag 260 mm,"786,99",480,DLS111ZU,no
coolblue,https://www.coolblue.nl/product/816274/makita-ddf484zj-zonder-accu.html,Makita DDF484ZJ (zonder accu),"129,00",95,DDF484ZJ,no
coolblue,https://www.coolblue.nl/product/901405/makita-dtd153z-zonder-accu.html,Makita DTD153Z (zonder accu),"135,00",85,DTD153Z,no
coolblue,https://www.coolblue.nl/product/817459/makita-dbo180zj-zonder-accu.html,Makita DBO180ZJ (zonder accu),"136,00",105,DBO180ZJ,no
coolblue,https://www.coolblue.nl/product/795629/makita-dga504zj-zonder-accu.html,Makita DGA504ZJ (zonder accu),"164,00",120,DGA504ZJ,no
coolblue,https://www.coolblue.nl/product/901400/makita-dhp486zj-zonder-accu.html,Makita DHP486ZJ (zonder accu),"255,00",175,DHP486ZJ,no
coolblue,https://www.coolblue.nl/product/949792/makita-dga504zj-makita-startset-dc18sd-bl1830b.html,Makita DGA504ZJ + Makita Startset DC18SD+BL1830B,"263,00",120,DGA504ZJ,no
coolblue,https://www.coolblue.nl/product/768188/makita-djv181zj-zonder-accu.html,Makita DJV181ZJ (Zonder accu),"280,00",180,DJV181ZJ,no
coolblue,https://www.coolblue.nl/product/928321/makita-ddf484zj-5ah-accu-1x.html,Makita DDF484ZJ + 5Ah accu (1x),"298,00",95,DDF484ZJ,no
coolblue,https://www.coolblue.nl/product/948306/makita-ls1110f.html,Makita LS1110F,"316,00",240,LS1110F,no
coolblue,https://www.coolblue.nl/product/816227/makita-ddf484rtj.html,Makita DDF484RTJ,"329,00",225,DDF484RTJ,no
coolblue,https://www.coolblue.nl/product/950253/makita-djv181zj-3-0-ah-accu-en-lader.html,"Makita DJV181ZJ + 3,0 Ah accu en lader","379,00",180,DJV181ZJ,no
coolblue,https://www.coolblue.nl/product/928322/makita-dhp486rtj.html,Makita DHP486RTJ,"530,00",325,DHP486RTJ,no
coolblue,https://www.coolblue.nl/product/950212/makita-ls1110f-onderstel.html,Makita LS1110F + Onderstel,"561,00",240,LS1110F,no
coolblue,https://www.coolblue.nl/product/817373/makita-dls111zu-zonder-accu.html,Makita DLS111ZU (zonder accu),"801,00",480,DLS111ZU,no
coolblue,https://www.coolblue.nl/product/949734/makita-dls111zu-6-0-ah-accu-2x-en-lader.html,"Makita DLS111ZU + 6,0 Ah accu (2x) en lader","1029,00",480,DLS111ZU,no
coolblue,https://www.coolblue.nl/product/950214/makita-dls111zu-zonder-accu-onderstel.html,Makita DLS111ZU (zonder accu) + Onderstel,"1049,00",480,DLS111ZU,no
coolblue,https://www.coolblue.nl/product/950223/makita-dls111zu-6-0-ah-accu-2x-en-lader-onderstel.html,"Makita DLS111ZU + 6,0 Ah accu (2x) en lader + Onderstel","1419,00",480,DLS111ZU,no
ijzerhuis,https://ijzerhuis.nl/details/0621018/-/makita-makita-boormachine-ddf484z-in-doos-18-volt-basic.awp,Makita boormachine DDF484Z in doos 18 volt basic,"105,00",85,DDF484Z,no
ijzerhuis,https://ijzerhuis.nl/details/0621244/-/makita-makita-accuboormachine-ddf484zj-18-volt-basic.awp,Makita accuboormachine DDF484ZJ 18 volt basic,"119,00",95,DDF484ZJ,no
ijzerhuis,https://ijzerhuis.nl/details/0621019/-/makita-makita-slagschroevendraaier-dtd153z-doos-18-volt-bas.awp,Makita slagschroevendraaier DTD153Z doos 18 volt bas,"119,00",85,DTD153Z,no
ijzerhuis,https://ijzerhuis.nl/details/0621338/-/makita-makita-vlakschuurmachine-dbo480z-18-volt-basic.awp,Makita vlakschuurmachine DBO480Z 18 volt basic,"119,00",85,DBO480Z,no
ijzerhuis,https://ijzerhuis.nl/details/0621257/-/makita-makita-slagschroevendraaier-dtd153zj-18-volt-basic.awp,Makita slagschroevendraaier DTD153ZJ 18 volt basic,"135,00",105,DTD153ZJ,no
ijzerhuis,https://ijzerhuis.nl/details/0621327/-/makita-makita-excenter-schuurmachine-dbo180zj-volt-basic.awp,Makita excenter schuurmachine DBO180ZJ volt basic,"139,00",105,DBO180ZJ,no
ijzerhuis,https://ijzerhuis.nl/details/0621366/-/makita-makita-excenter-schuurmachine-dbo180z-volt-basic.awp,Makita excenter schuurmachine DBO180Z volt basic,"149,00",75,DBO180Z,no
ijzerhuis,https://ijzerhuis.nl/details/0621020/-/makita-makita-haakse-slijper-dga504z-in-doos-18-volt-basic.awp,Makita haakse slijper DGA504Z in doos 18 volt basic,"149,00",100,DGA504Z,no
ijzerhuis,https://ijzerhuis.nl/details/0621235/-/makita-makita-haakse-slijper-dga504zj-125mm-18-volt-basic.awp,Makita haakse slijper DGA504ZJ 125mm 18 volt basic,"165,00",120,DGA504ZJ,no
toolnation,https://www.toolnation.nl/makita-ddf484z-accuboormachine-18v-excl-accu-s-en-lader-5-jaar-dealer-garantie.html,Makita DDF484Z Accuboormachine 18V excl. accu's en lader,"151,25",85,DDF484Z,no
toolnation,https://www.toolnation.nl/makita-ddf484zj-accuboormachine-18v-excl-accu-s-en-lader-5-jaar-dealer-garantie.html,Makita DDF484ZJ Accuboormachine 18V excl. accu's en lader,"168,19",95,DDF484ZJ,no
toolnation,https://www.toolnation.nl/makita-ddf484rtj-accuboormachine-18v-50-ah-li-ion.html,"Makita DDF484RTJ Accuboormachine 18V 5,0 AH Li-ion","470,69",225,DDF484RTJ,no
rotopino,"https://www.rotopino.nl/clip-on-harnassen-makita-e-05402,118519",Clip-on harnassen Makita E-05402,"25,50",15,E-05402,no
rotopino,"https://www.rotopino.nl/geleiderail-1500mm-makita-199141-8,81111",Geleiderail 1500mm Makita 199141-8,51,35,199141-8,no
rotopino,"https://www.rotopino.nl/laser-afstandsmeter-makita-ld030p,63888",Laserafstandsmeter Makita LD030P,84,55,LD030P,no
rotopino,"https://www.rotopino.nl/stofzuiger-makita-dcl282fz,88494",Auto Stofzuiger Makita DCL282FZ,"87,49",45,DCL282FZ,no
rotopino,"https://www.rotopino.nl/accu-excenter-schuurmachine-makita-dbo180z,44721",Excenterschuurmachine Makita DBO180Z,96,75,DBO180Z,no
rotopino,"https://www.rotopino.nl/excentrische-schuurmachine-makita-dbo481z,138109",Excenterschuurmachine Makita DBO481Z,102,75,DBO481Z,no
rotopino,"https://www.rotopino.nl/slagschroevendraaier-makita-dtd153z,63969",Accu slagschroevendraaier Makita DTD153Z,129,85,DTD153Z,no
rotopino,"https://www.rotopino.nl/vlakschuurmachine-makita-dbo480z,132807",Vlakschuurmachine Makita DBO480Z,"135,99",85,DBO480Z,no
rotopino,"https://www.rotopino.nl/haakse-slijper-makita-dga504z,63246",Haakse slijper Makita DGA504Z,136,100,DGA504Z,no
rotopino,"https://www.rotopino.nl/blaas-en-zuigmachine-makita-das180z,137462",Blaas- en zuigmachine Makita DAS180Z,144,115,DAS180Z,no
rotopino,"https://www.rotopino.nl/slagschroevendraaier-makita-dtd172z,126702",Accu slagschroevendraaier Makita DTD172Z,171,135,DTD172Z,no
rotopino,"https://www.rotopino.nl/accu-haakse-slijper-makita-dga504zj,56860",Haakse slijper Makita DGA504ZJ,179,120,DGA504ZJ,no
rotopino,"https://www.rotopino.nl/slagboorschroefmachine-makita-dhp486z,109176",Klopboor-/schroefmachine Makita DHP486Z,258,160,DHP486Z,no
rotopino,"https://www.rotopino.nl/accu-decoupeerzaag-makita-djv181z,56815",Decoupeerzaag Makita DJV181Z,261,150,DJV181Z,no
rotopino,"https://www.rotopino.nl/excenterschuurmachine-makita-dbo180rtj,69375",Excenterschuurmachine Makita DBO180RTJ,325,250,DBO180RTJ,no
rotopino,"https://www.rotopino.nl/vlakschuurmachine-makita-dbo480rtj,132808",Vlakschuurmachine Makita DBO480RTJ,369,270,DBO480RTJ,no
rotopino,"https://www.rotopino.nl/slagschroevendraaier-makita-dtd172rtj,132883",Slagschroevendraaier Makita DTD172RTJ,379,280,DTD172RTJ,no
rotopino,"https://www.rotopino.nl/haakse-slijper-makita-dga504rtj,69118",Haakse slijper Makita DGA504RTJ,429,270,DGA504RTJ,no
rotopino,"https://www.rotopino.nl/klopboor-schroefmachine-makita-dhp486rtj,119246",Klopboor-/schroefmachine Makita DHP486RTJ,433,325,DHP486RTJ,no
rotopino,"https://www.rotopino.nl/decoupeerzaag-makita-djv181rtj,78796","Decoupeerzaag Makita DJV181RTJ 2x5,0Ah MAKPAC 3",466,320,DJV181RTJ,no
thstools,https://www.thstools.nl/makita-ddf484z-boor-schroevendraaier-18v-in-doos,Makita DDF484Z boor/schroevendraaier 18V,"136,13",85,DDF484Z,no
thstools,https://www.thstools.nl/makita-ddf484zj-boor-schroevendraaier-18v,Makita DDF484ZJ boor/schroevendraaier 18V,"151,37",95,DDF484ZJ,no
thstools,https://www.thstools.nl/makita-dtd153z-slagschroevendraaier-18v-doos,Makita DTD153Z Slagschroevendraaier 18V,"168,19",85,DTD153Z,no
thstools,https://www.thstools.nl/makita-dtd153zj-slagschroevedraaier-18v,Makita DTD153ZJ Accu slagschroevendraaier,"168,80",105,DTD153ZJ,no
thstools,https://www.thstools.nl/makita-dga504z-haakse-slijper-125mm-18v-in-doos,Makita DGA504Z Haakse slijper 125mm,"179,99",100,DGA504Z,no
thstools,https://www.thstools.nl/makita-dga504zj-haakse-slijper-125mm-18v-vastzetschakelaar,Makita DGA504ZJ Haakse slijper 125mm 18V.,"205,82",120,DGA504ZJ,no
toolmax,https://www.toolmax.nl/makita-ddf484rtj-18v-boor-schroefmachine-koolborstelloos-5-0-ah-accu-2-st-snellader-mbox-html.html,"Makita DDF484RTJ | 18V Boor-/schroefmachine Koolborstelloos 5,0 Ah accu (2 st), snellader, Mbox","282,40",225,DDF484RTJ,no
toolmax,https://www.toolmax.nl/makita-dlx3152tx1-ddf484-accuboormachine-djv180-accu-decoupeerzaag-dga511z-haakse-slijper-18v-5-0ah-li-ion.html,Makita DLX3152TX1 | DDF484 accuboormachine + DJV180 accu decoupeerzaag + DGA511Z Haakse slijper | 18v 5.0Ah Li-ion,"622,99",110,DGA511Z,no
toolmax,https://www.toolmax.nl/makita-dlx3106tw1-combiset-18v.html,"Makita DLX3106TW1 | Combiset met DDF484, DTD153Z en DHR242 | 18V - DLX3106TW1","841,91",85,DTD153Z,no
